Date,Time,Accounts,Language,Type,Game,Text,Link,Media,Labels
2026-09-21,19:00,X,en,warmup,— hook,"In 10 days I start something I have never done before. A new game every evening. Thirty times in a row.

https://play.hrytsko.com/?utm_source=x&utm_medium=warm&utm_campaign=proofofplay&utm_content=warmup-hook
#ProofOfPlay",https://play.hrytsko.com/?utm_source=x&utm_medium=warm&utm_campaign=proofofplay&utm_content=warmup-hook,,warmup-hook day-10 warm
2026-09-21,19:00,Bluesky,en,warmup,— hook,"In 10 days I start something I have never done before. A new game every evening. Thirty times in a row.

https://play.hrytsko.com/?utm_source=bluesky&utm_medium=warm&utm_campaign=proofofplay&utm_content=warmup-hook
#ProofOfPlay",https://play.hrytsko.com/?utm_source=bluesky&utm_medium=warm&utm_campaign=proofofplay&utm_content=warmup-hook,,warmup-hook day-10 warm
2026-09-21,19:00,Threads,en,warmup,— hook,"In 10 days I start something I have never done before. A new game every evening. Thirty times in a row.

https://play.hrytsko.com/?utm_source=threads&utm_medium=warm&utm_campaign=proofofplay&utm_content=warmup-hook
#ProofOfPlay",https://play.hrytsko.com/?utm_source=threads&utm_medium=warm&utm_campaign=proofofplay&utm_content=warmup-hook,,warmup-hook day-10 warm
2026-09-21,19:00,LinkedIn,en,warmup,— hook,"In 10 days I start something I have never done before.

A new game every evening, built from scratch to playable.

Thirty times in a row, no exceptions, no slipping the date.

What exactly and why — more in the next few days. For now, just a heads-up: this is about to get interesting.

https://play.hrytsko.com/?utm_source=linkedin&utm_medium=warm&utm_campaign=proofofplay&utm_content=warmup-hook
#ProofOfPlay",https://play.hrytsko.com/?utm_source=linkedin&utm_medium=warm&utm_campaign=proofofplay&utm_content=warmup-hook,,warmup-hook day-10 warm
2026-09-21,19:00,Telegram,ru,warmup,— hook,"Через 10 дней я начинаю то, чего раньше не делал.

Каждый вечер — новая игра, с нуля до играбельной версии.

Тридцать раз подряд, без исключений и переносов.

Что именно и зачем — расскажу в ближайшие дни. Пока просто предупреждение: скоро здесь станет интересно.

https://play.hrytsko.com/?utm_source=telegram&utm_medium=warm&utm_campaign=proofofplay&utm_content=warmup-hook
#ProofOfPlay",https://play.hrytsko.com/?utm_source=telegram&utm_medium=warm&utm_campaign=proofofplay&utm_content=warmup-hook,,warmup-hook day-10 warm
2026-09-22,19:00,X,en,warmup,— what,"30 game prototypes. 30 days. A new one every evening, playable right in your phone browser.

https://play.hrytsko.com/?utm_source=x&utm_medium=warm&utm_campaign=proofofplay&utm_content=warmup-what
#ProofOfPlay",https://play.hrytsko.com/?utm_source=x&utm_medium=warm&utm_campaign=proofofplay&utm_content=warmup-what,,warmup-what day-9 warm
2026-09-22,19:00,Bluesky,en,warmup,— what,"30 game prototypes. 30 days. A new one every evening, playable right in your phone browser.

https://play.hrytsko.com/?utm_source=bluesky&utm_medium=warm&utm_campaign=proofofplay&utm_content=warmup-what
#ProofOfPlay",https://play.hrytsko.com/?utm_source=bluesky&utm_medium=warm&utm_campaign=proofofplay&utm_content=warmup-what,,warmup-what day-9 warm
2026-09-22,19:00,Threads,en,warmup,— what,"30 game prototypes. 30 days. A new one every evening, playable right in your phone browser.

https://play.hrytsko.com/?utm_source=threads&utm_medium=warm&utm_campaign=proofofplay&utm_content=warmup-what
#ProofOfPlay",https://play.hrytsko.com/?utm_source=threads&utm_medium=warm&utm_campaign=proofofplay&utm_content=warmup-what,,warmup-what day-9 warm
2026-09-22,19:00,LinkedIn,en,warmup,— what,"30 game prototypes. 30 days.

A new game every evening: the rules get written in the morning, the game is playable and live by night.

Free, browser-based, nothing to install.

First one October 1.

https://play.hrytsko.com/?utm_source=linkedin&utm_medium=warm&utm_campaign=proofofplay&utm_content=warmup-what
#ProofOfPlay",https://play.hrytsko.com/?utm_source=linkedin&utm_medium=warm&utm_campaign=proofofplay&utm_content=warmup-what,,warmup-what day-9 warm
2026-09-22,19:00,Telegram,ru,warmup,— what,"30 игровых прототипов. 30 дней.

По одной новой игре каждый вечер: правила пишутся утром, вечером игра уже играбельна и выложена.

Всё бесплатно, всё в браузере телефона, ставить ничего не надо.

Первая — 1 октября.

https://play.hrytsko.com/?utm_source=telegram&utm_medium=warm&utm_campaign=proofofplay&utm_content=warmup-what
#ProofOfPlay",https://play.hrytsko.com/?utm_source=telegram&utm_medium=warm&utm_campaign=proofofplay&utm_content=warmup-what,,warmup-what day-9 warm
2026-09-23,19:00,X,en,warmup,— why,"Testing one game idea usually takes six months. I got tired of waiting six months to learn an idea was mediocre.

https://play.hrytsko.com/?utm_source=x&utm_medium=warm&utm_campaign=proofofplay&utm_content=warmup-why
#ProofOfPlay",https://play.hrytsko.com/?utm_source=x&utm_medium=warm&utm_campaign=proofofplay&utm_content=warmup-why,,warmup-why day-8 warm
2026-09-23,19:00,Bluesky,en,warmup,— why,"Testing one game idea usually takes six months. I got tired of waiting six months to learn an idea was mediocre.

https://play.hrytsko.com/?utm_source=bluesky&utm_medium=warm&utm_campaign=proofofplay&utm_content=warmup-why
#ProofOfPlay",https://play.hrytsko.com/?utm_source=bluesky&utm_medium=warm&utm_campaign=proofofplay&utm_content=warmup-why,,warmup-why day-8 warm
2026-09-23,19:00,Threads,en,warmup,— why,"Testing one game idea usually takes six months. I got tired of waiting six months to learn an idea was mediocre.

https://play.hrytsko.com/?utm_source=threads&utm_medium=warm&utm_campaign=proofofplay&utm_content=warmup-why
#ProofOfPlay",https://play.hrytsko.com/?utm_source=threads&utm_medium=warm&utm_campaign=proofofplay&utm_content=warmup-why,,warmup-why day-8 warm
2026-09-23,19:00,LinkedIn,en,warmup,— why,"Testing one game idea usually takes six months of development.

I got tired of waiting six months just to learn the idea was mediocre.

So instead of testing one idea, I am testing thirty — in a month, on real players, on numbers instead of feelings.

That is the whole experiment.

https://play.hrytsko.com/?utm_source=linkedin&utm_medium=warm&utm_campaign=proofofplay&utm_content=warmup-why
#ProofOfPlay",https://play.hrytsko.com/?utm_source=linkedin&utm_medium=warm&utm_campaign=proofofplay&utm_content=warmup-why,,warmup-why day-8 warm
2026-09-23,19:00,Telegram,ru,warmup,— why,"Обычно на проверку одной игровой идеи уходит полгода разработки.

Я устал ждать полгода, чтобы узнать, что идея была так себе.

Поэтому проверю не одну идею, а тридцать — за месяц, на живых людях, по цифрам, а не по ощущениям.

Это и есть весь эксперимент.

https://play.hrytsko.com/?utm_source=telegram&utm_medium=warm&utm_campaign=proofofplay&utm_content=warmup-why
#ProofOfPlay",https://play.hrytsko.com/?utm_source=telegram&utm_medium=warm&utm_campaign=proofofplay&utm_content=warmup-why,,warmup-why day-8 warm
2026-09-24,19:00,X,en,warmup,— rule,"The one rule: if a game fails the numbers, it gets buried, not fixed. No ""I will patch it later"".

https://play.hrytsko.com/?utm_source=x&utm_medium=warm&utm_campaign=proofofplay&utm_content=warmup-rule
#ProofOfPlay",https://play.hrytsko.com/?utm_source=x&utm_medium=warm&utm_campaign=proofofplay&utm_content=warmup-rule,,warmup-rule day-7 warm
2026-09-24,19:00,Bluesky,en,warmup,— rule,"The one rule: if a game fails the numbers, it gets buried, not fixed. No ""I will patch it later"".

https://play.hrytsko.com/?utm_source=bluesky&utm_medium=warm&utm_campaign=proofofplay&utm_content=warmup-rule
#ProofOfPlay",https://play.hrytsko.com/?utm_source=bluesky&utm_medium=warm&utm_campaign=proofofplay&utm_content=warmup-rule,,warmup-rule day-7 warm
2026-09-24,19:00,Threads,en,warmup,— rule,"The one rule: if a game fails the numbers, it gets buried, not fixed. No ""I will patch it later"".

https://play.hrytsko.com/?utm_source=threads&utm_medium=warm&utm_campaign=proofofplay&utm_content=warmup-rule
#ProofOfPlay",https://play.hrytsko.com/?utm_source=threads&utm_medium=warm&utm_campaign=proofofplay&utm_content=warmup-rule,,warmup-rule day-7 warm
2026-09-24,19:00,LinkedIn,en,warmup,— rule,"The core rule of this experiment: if a game fails on the numbers, it gets buried. Not fixed.

No ""I will patch it later"", no ""just one more feature and it will click"".

This discipline is the only reason thirty games in thirty days is even possible. Without it I would still be stuck fixing game three.

https://play.hrytsko.com/?utm_source=linkedin&utm_medium=warm&utm_campaign=proofofplay&utm_content=warmup-rule
#ProofOfPlay",https://play.hrytsko.com/?utm_source=linkedin&utm_medium=warm&utm_campaign=proofofplay&utm_content=warmup-rule,,warmup-rule day-7 warm
2026-09-24,19:00,Telegram,ru,warmup,— rule,"Главное правило эксперимента: если игра проваливается по цифрам — её хоронят, а не чинят.

Никаких «доделаю потом» и «просто добавлю ещё одну фичу, и заработает».

Эта дисциплина — единственная причина, по которой тридцать игр за тридцать дней вообще возможны. Без неё я бы застрял на игре три.

https://play.hrytsko.com/?utm_source=telegram&utm_medium=warm&utm_campaign=proofofplay&utm_content=warmup-rule
#ProofOfPlay",https://play.hrytsko.com/?utm_source=telegram&utm_medium=warm&utm_campaign=proofofplay&utm_content=warmup-rule,,warmup-rule day-7 warm
2026-09-25,19:00,X,en,warmup,— dayflow,"How one day works: the rules get written in the morning, a working prototype ships by evening. No slipping the date.

https://play.hrytsko.com/?utm_source=x&utm_medium=warm&utm_campaign=proofofplay&utm_content=warmup-dayflow
#ProofOfPlay",https://play.hrytsko.com/?utm_source=x&utm_medium=warm&utm_campaign=proofofplay&utm_content=warmup-dayflow,,warmup-dayflow day-6 warm
2026-09-25,19:00,Bluesky,en,warmup,— dayflow,"How one day works: the rules get written in the morning, a working prototype ships by evening. No slipping the date.

https://play.hrytsko.com/?utm_source=bluesky&utm_medium=warm&utm_campaign=proofofplay&utm_content=warmup-dayflow
#ProofOfPlay",https://play.hrytsko.com/?utm_source=bluesky&utm_medium=warm&utm_campaign=proofofplay&utm_content=warmup-dayflow,,warmup-dayflow day-6 warm
2026-09-25,19:00,Threads,en,warmup,— dayflow,"How one day works: the rules get written in the morning, a working prototype ships by evening. No slipping the date.

https://play.hrytsko.com/?utm_source=threads&utm_medium=warm&utm_campaign=proofofplay&utm_content=warmup-dayflow
#ProofOfPlay",https://play.hrytsko.com/?utm_source=threads&utm_medium=warm&utm_campaign=proofofplay&utm_content=warmup-dayflow,,warmup-dayflow day-6 warm
2026-09-25,19:00,LinkedIn,en,warmup,— dayflow,"How one day of the experiment works:

Morning — the rules of the next game are written down and locked, no rewriting mid-build.
Midday — it gets built and filled with real content.
Evening — it is live in the browser, and real numbers start coming in.

Tomorrow it repeats from zero, for a different game. No slipping the date — that is part of the rule too.

https://play.hrytsko.com/?utm_source=linkedin&utm_medium=warm&utm_campaign=proofofplay&utm_content=warmup-dayflow
#ProofOfPlay",https://play.hrytsko.com/?utm_source=linkedin&utm_medium=warm&utm_campaign=proofofplay&utm_content=warmup-dayflow,,warmup-dayflow day-6 warm
2026-09-25,19:00,Telegram,ru,warmup,— dayflow,"Как устроен один день эксперимента:

Утром — правила будущей игры записаны и зафиксированы, без права переписывать их на ходу.
Днём — она собирается и наполняется контентом.
Вечером — уже стоит в браузере, и по ней идёт живая статистика.

Завтра всё повторяется с нуля, для другой игры. Без переносов — это тоже часть правил.

https://play.hrytsko.com/?utm_source=telegram&utm_medium=warm&utm_campaign=proofofplay&utm_content=warmup-dayflow
#ProofOfPlay",https://play.hrytsko.com/?utm_source=telegram&utm_medium=warm&utm_campaign=proofofplay&utm_content=warmup-dayflow,,warmup-dayflow day-6 warm
2026-09-26,19:00,X,en,warmup,— no-extras,"What none of the thirty games will have: ads, IAP, meta-progression, daily bonuses. Just the mechanic, nothing else.

https://play.hrytsko.com/?utm_source=x&utm_medium=warm&utm_campaign=proofofplay&utm_content=warmup-no-extras
#ProofOfPlay",https://play.hrytsko.com/?utm_source=x&utm_medium=warm&utm_campaign=proofofplay&utm_content=warmup-no-extras,,warmup-no-extras day-5 warm
2026-09-26,19:00,Bluesky,en,warmup,— no-extras,"What none of the thirty games will have: ads, IAP, meta-progression, daily bonuses. Just the mechanic, nothing else.

https://play.hrytsko.com/?utm_source=bluesky&utm_medium=warm&utm_campaign=proofofplay&utm_content=warmup-no-extras
#ProofOfPlay",https://play.hrytsko.com/?utm_source=bluesky&utm_medium=warm&utm_campaign=proofofplay&utm_content=warmup-no-extras,,warmup-no-extras day-5 warm
2026-09-26,19:00,Threads,en,warmup,— no-extras,"What none of the thirty games will have: ads, IAP, meta-progression, daily bonuses. Just the mechanic, nothing else.

https://play.hrytsko.com/?utm_source=threads&utm_medium=warm&utm_campaign=proofofplay&utm_content=warmup-no-extras
#ProofOfPlay",https://play.hrytsko.com/?utm_source=threads&utm_medium=warm&utm_campaign=proofofplay&utm_content=warmup-no-extras,,warmup-no-extras day-5 warm
2026-09-26,19:00,LinkedIn,en,warmup,— no-extras,"What none of the thirty games will have:

Ads, IAP, meta-progression, collections, daily bonuses — nothing that hooks a player by itself.

This is deliberate: if a game works, it has to be the mechanic doing the work, not a system designed to bring you back.

An honest test of the idea, not a test of how good the hook is.

https://play.hrytsko.com/?utm_source=linkedin&utm_medium=warm&utm_campaign=proofofplay&utm_content=warmup-no-extras
#ProofOfPlay",https://play.hrytsko.com/?utm_source=linkedin&utm_medium=warm&utm_campaign=proofofplay&utm_content=warmup-no-extras,,warmup-no-extras day-5 warm
2026-09-26,19:00,Telegram,ru,warmup,— no-extras,"Чего не будет ни в одной из тридцати игр:

Рекламы, доната, мета-прогресса, коллекций, ежедневных бонусов — ничего, что удерживает человека само по себе.

Это намеренно: если игра нравится, должно быть видно, что нравится именно механика, а не система, которая заставляет вернуться.

Честная проверка идеи, а не проверка того, насколько хорошо работает крючок.

https://play.hrytsko.com/?utm_source=telegram&utm_medium=warm&utm_campaign=proofofplay&utm_content=warmup-no-extras
#ProofOfPlay",https://play.hrytsko.com/?utm_source=telegram&utm_medium=warm&utm_campaign=proofofplay&utm_content=warmup-no-extras,,warmup-no-extras day-5 warm
2026-09-27,19:00,X,en,warmup,— metrics,"How I will judge each game: did a player reach level five, did they come back the next day. ""I liked it"" does not count.

https://play.hrytsko.com/?utm_source=x&utm_medium=warm&utm_campaign=proofofplay&utm_content=warmup-metrics
#ProofOfPlay",https://play.hrytsko.com/?utm_source=x&utm_medium=warm&utm_campaign=proofofplay&utm_content=warmup-metrics,,warmup-metrics day-4 warm
2026-09-27,19:00,Bluesky,en,warmup,— metrics,"How I will judge each game: did a player reach level five, did they come back the next day. ""I liked it"" does not count.

https://play.hrytsko.com/?utm_source=bluesky&utm_medium=warm&utm_campaign=proofofplay&utm_content=warmup-metrics
#ProofOfPlay",https://play.hrytsko.com/?utm_source=bluesky&utm_medium=warm&utm_campaign=proofofplay&utm_content=warmup-metrics,,warmup-metrics day-4 warm
2026-09-27,19:00,Threads,en,warmup,— metrics,"How I will judge each game: did a player reach level five, did they come back the next day. ""I liked it"" does not count.

https://play.hrytsko.com/?utm_source=threads&utm_medium=warm&utm_campaign=proofofplay&utm_content=warmup-metrics
#ProofOfPlay",https://play.hrytsko.com/?utm_source=threads&utm_medium=warm&utm_campaign=proofofplay&utm_content=warmup-metrics,,warmup-metrics day-4 warm
2026-09-27,19:00,LinkedIn,en,warmup,— metrics,"How I will judge each game is decided in advance:

Did a player understand the rule with no explanation and make a real first move.
Did they reach the fifth and final level.
Did they come back the next day.

Everything else is secondary. ""I liked it"" does not count either — only actions count, not opinions.

https://play.hrytsko.com/?utm_source=linkedin&utm_medium=warm&utm_campaign=proofofplay&utm_content=warmup-metrics
#ProofOfPlay",https://play.hrytsko.com/?utm_source=linkedin&utm_medium=warm&utm_campaign=proofofplay&utm_content=warmup-metrics,,warmup-metrics day-4 warm
2026-09-27,19:00,Telegram,ru,warmup,— metrics,"Как я буду судить результат каждой игры, решено заранее:

Понял ли человек правило без объяснений и сделал первое осмысленное действие.
Дошёл ли до пятого, последнего уровня.
Вернулся ли на следующий день.

Всё остальное — вторично. «Мне понравилось» тоже не считается: считаются только действия, а не мнения.

https://play.hrytsko.com/?utm_source=telegram&utm_medium=warm&utm_campaign=proofofplay&utm_content=warmup-metrics
#ProofOfPlay",https://play.hrytsko.com/?utm_source=telegram&utm_medium=warm&utm_campaign=proofofplay&utm_content=warmup-metrics,,warmup-metrics day-4 warm
2026-09-28,19:00,X,en,warmup,— stakes,"If a game misses the bar, its fate is decided that same evening. No appeal, no second chance.

https://play.hrytsko.com/?utm_source=x&utm_medium=warm&utm_campaign=proofofplay&utm_content=warmup-stakes
#ProofOfPlay",https://play.hrytsko.com/?utm_source=x&utm_medium=warm&utm_campaign=proofofplay&utm_content=warmup-stakes,,warmup-stakes day-3 warm
2026-09-28,19:00,Bluesky,en,warmup,— stakes,"If a game misses the bar, its fate is decided that same evening. No appeal, no second chance.

https://play.hrytsko.com/?utm_source=bluesky&utm_medium=warm&utm_campaign=proofofplay&utm_content=warmup-stakes
#ProofOfPlay",https://play.hrytsko.com/?utm_source=bluesky&utm_medium=warm&utm_campaign=proofofplay&utm_content=warmup-stakes,,warmup-stakes day-3 warm
2026-09-28,19:00,Threads,en,warmup,— stakes,"If a game misses the bar, its fate is decided that same evening. No appeal, no second chance.

https://play.hrytsko.com/?utm_source=threads&utm_medium=warm&utm_campaign=proofofplay&utm_content=warmup-stakes
#ProofOfPlay",https://play.hrytsko.com/?utm_source=threads&utm_medium=warm&utm_campaign=proofofplay&utm_content=warmup-stakes,,warmup-stakes day-3 warm
2026-09-28,19:00,LinkedIn,en,warmup,— stakes,"If a game misses the bar set in advance, its fate is decided that same evening.

No appeal, no ""I will give it another week"", no second chance.

Every game’s numbers are public, including the failures. There is nowhere to hide a bad day — that is the point of running this in public.

https://play.hrytsko.com/?utm_source=linkedin&utm_medium=warm&utm_campaign=proofofplay&utm_content=warmup-stakes
#ProofOfPlay",https://play.hrytsko.com/?utm_source=linkedin&utm_medium=warm&utm_campaign=proofofplay&utm_content=warmup-stakes,,warmup-stakes day-3 warm
2026-09-28,19:00,Telegram,ru,warmup,— stakes,"Если игра не проходит установленный заранее порог — её судьба решена в тот же вечер.

Без права на апелляцию, без «дам ей ещё неделю», без второго шанса.

Цифры каждой игры видны всем, включая провальные. Спрятать неудачный день негде — в этом и есть смысл делать эксперимент публично.

https://play.hrytsko.com/?utm_source=telegram&utm_medium=warm&utm_campaign=proofofplay&utm_content=warmup-stakes
#ProofOfPlay",https://play.hrytsko.com/?utm_source=telegram&utm_medium=warm&utm_campaign=proofofplay&utm_content=warmup-stakes,,warmup-stakes day-3 warm
2026-09-29,19:00,X,en,warmup,— follow,"Starts in 2 days. A new game every evening, right in your phone browser. Follow now so you catch the first one.

https://play.hrytsko.com/?utm_source=x&utm_medium=warm&utm_campaign=proofofplay&utm_content=warmup-follow
#ProofOfPlay",https://play.hrytsko.com/?utm_source=x&utm_medium=warm&utm_campaign=proofofplay&utm_content=warmup-follow,,warmup-follow day-2 warm
2026-09-29,19:00,Bluesky,en,warmup,— follow,"Starts in 2 days. A new game every evening, right in your phone browser. Follow now so you catch the first one.

https://play.hrytsko.com/?utm_source=bluesky&utm_medium=warm&utm_campaign=proofofplay&utm_content=warmup-follow
#ProofOfPlay",https://play.hrytsko.com/?utm_source=bluesky&utm_medium=warm&utm_campaign=proofofplay&utm_content=warmup-follow,,warmup-follow day-2 warm
2026-09-29,19:00,Threads,en,warmup,— follow,"Starts in 2 days. A new game every evening, right in your phone browser. Follow now so you catch the first one.

https://play.hrytsko.com/?utm_source=threads&utm_medium=warm&utm_campaign=proofofplay&utm_content=warmup-follow
#ProofOfPlay",https://play.hrytsko.com/?utm_source=threads&utm_medium=warm&utm_campaign=proofofplay&utm_content=warmup-follow,,warmup-follow day-2 warm
2026-09-29,19:00,LinkedIn,en,warmup,— follow,"Starts in 2 days.

A new game every evening, thirty times in a row, playable right in your phone browser.

Here and on the channel — every day, the game and yesterday’s numbers.

Follow now so you do not miss the first one — I will not repeat the announcement twice.

https://play.hrytsko.com/?utm_source=linkedin&utm_medium=warm&utm_campaign=proofofplay&utm_content=warmup-follow
#ProofOfPlay",https://play.hrytsko.com/?utm_source=linkedin&utm_medium=warm&utm_campaign=proofofplay&utm_content=warmup-follow,,warmup-follow day-2 warm
2026-09-29,19:00,Telegram,ru,warmup,— follow,"Через 2 дня начинается.

Новая игра каждый вечер, тридцать раз подряд, играется прямо в браузере телефона.

Здесь и в канале — каждый день игра и цифры вчерашней.

Подпишись сейчас, чтобы не пропустить первую — я не буду повторять анонс дважды.

https://play.hrytsko.com/?utm_source=telegram&utm_medium=warm&utm_campaign=proofofplay&utm_content=warmup-follow
#ProofOfPlay",https://play.hrytsko.com/?utm_source=telegram&utm_medium=warm&utm_campaign=proofofplay&utm_content=warmup-follow,,warmup-follow day-2 warm
2026-09-30,19:00,TikTok,en,warmup,— announce,"Tomorrow. 30 prototypes in 30 days, a new game every evening at play.hrytsko.com. Plays in your phone browser, nothing to install.

First one October 1.

https://play.hrytsko.com/?utm_source=tiktok&utm_medium=cold&utm_campaign=proofofplay&utm_content=warmup-announce
#ProofOfPlay",https://play.hrytsko.com/?utm_source=tiktok&utm_medium=cold&utm_campaign=proofofplay&utm_content=warmup-announce,clips/teaser.mp4,warmup-announce day-1 cold
2026-09-30,19:00,YouTube Shorts,en,warmup,— announce,"Tomorrow. 30 prototypes in 30 days, a new game every evening at play.hrytsko.com. Plays in your phone browser, nothing to install.

First one October 1.

https://play.hrytsko.com/?utm_source=youtube&utm_medium=cold&utm_campaign=proofofplay&utm_content=warmup-announce
#ProofOfPlay",https://play.hrytsko.com/?utm_source=youtube&utm_medium=cold&utm_campaign=proofofplay&utm_content=warmup-announce,clips/teaser.mp4,warmup-announce day-1 cold
2026-09-30,19:00,Instagram,en,warmup,— announce,"Tomorrow. 30 prototypes in 30 days, a new game every evening at play.hrytsko.com. Plays in your phone browser, nothing to install.

First one October 1.

https://play.hrytsko.com/?utm_source=instagram&utm_medium=cold&utm_campaign=proofofplay&utm_content=warmup-announce
#ProofOfPlay",https://play.hrytsko.com/?utm_source=instagram&utm_medium=cold&utm_campaign=proofofplay&utm_content=warmup-announce,clips/teaser.mp4,warmup-announce day-1 cold
2026-09-30,19:00,X,en,warmup,— announce,"Tomorrow. 30 prototypes in 30 days, a new game every evening at play.hrytsko.com. Plays in your phone browser, nothing to install.

First one October 1.

https://play.hrytsko.com/?utm_source=x&utm_medium=warm&utm_campaign=proofofplay&utm_content=warmup-announce
#ProofOfPlay",https://play.hrytsko.com/?utm_source=x&utm_medium=warm&utm_campaign=proofofplay&utm_content=warmup-announce,,warmup-announce day-1 warm
2026-09-30,19:00,Bluesky,en,warmup,— announce,"Tomorrow. 30 prototypes in 30 days, a new game every evening at play.hrytsko.com. Plays in your phone browser, nothing to install.

First one October 1.

https://play.hrytsko.com/?utm_source=bluesky&utm_medium=warm&utm_campaign=proofofplay&utm_content=warmup-announce
#ProofOfPlay",https://play.hrytsko.com/?utm_source=bluesky&utm_medium=warm&utm_campaign=proofofplay&utm_content=warmup-announce,,warmup-announce day-1 warm
2026-09-30,19:00,Threads,en,warmup,— announce,"Tomorrow. 30 prototypes in 30 days, a new game every evening at play.hrytsko.com. Plays in your phone browser, nothing to install.

First one October 1.

https://play.hrytsko.com/?utm_source=threads&utm_medium=warm&utm_campaign=proofofplay&utm_content=warmup-announce
#ProofOfPlay",https://play.hrytsko.com/?utm_source=threads&utm_medium=warm&utm_campaign=proofofplay&utm_content=warmup-announce,,warmup-announce day-1 warm
2026-09-30,19:00,LinkedIn,en,warmup,— announce,"Tomorrow.

What: 30 game prototypes in 30 days, one a day.
Why: test thirty mechanics on real players and public numbers, instead of six months on one.
Where: play.hrytsko.com — a new game every day, plays in a phone browser, nothing to install.
How to follow: here, or the channel — every evening, the day’s game and the previous day’s numbers.

First one October 1.

https://play.hrytsko.com/?utm_source=linkedin&utm_medium=warm&utm_campaign=proofofplay&utm_content=warmup-announce
#ProofOfPlay",https://play.hrytsko.com/?utm_source=linkedin&utm_medium=warm&utm_campaign=proofofplay&utm_content=warmup-announce,,warmup-announce day-1 warm
2026-09-30,19:00,Telegram,ru,warmup,— announce,"Завтра начинается.

Что: 30 игровых прототипов за 30 дней, по одному в день.
Зачем: проверить тридцать механик на живых людях и публичных цифрах вместо полугода разработки на одну.
Где: play.hrytsko.com — новая игра каждый день, играется с телефона, ставить ничего не надо.
Как следить: здесь или в канале — каждый вечер игра дня и цифры предыдущей.

Первая — 1 октября.

https://play.hrytsko.com/?utm_source=telegram&utm_medium=warm&utm_campaign=proofofplay&utm_content=warmup-announce
#ProofOfPlay",https://play.hrytsko.com/?utm_source=telegram&utm_medium=warm&utm_campaign=proofofplay&utm_content=warmup-announce,,warmup-announce day-1 warm
2026-10-01,19:00,TikTok,en,today,01 Incoming Box,"Incoming Box — Unscrew what matches the boxes below. Every three moves a box leaves, and the pocket holds three.

https://play.hrytsko.com/box-arrives/?utm_source=tiktok&utm_medium=cold&utm_campaign=proofofplay&utm_content=day-01-today
#ProofOfPlay",https://play.hrytsko.com/box-arrives/?utm_source=tiktok&utm_medium=cold&utm_campaign=proofofplay&utm_content=day-01-today,clips/01.mp4,day-01 today cold
2026-09-30,21:00,TikTok,en,tomorrow,01 Incoming Box,"The colour you need isn't there yet. The pocket holds three screws.

Tomorrow on the site.
https://play.hrytsko.com/?utm_source=tiktok&utm_medium=cold&utm_campaign=proofofplay&utm_content=day-01-tomorrow#upcoming-title
#ProofOfPlay",https://play.hrytsko.com/?utm_source=tiktok&utm_medium=cold&utm_campaign=proofofplay&utm_content=day-01-tomorrow#upcoming-title,,day-01 tomorrow cold
2026-10-01,19:00,YouTube Shorts,en,today,01 Incoming Box,"Incoming Box — Unscrew what matches the boxes below. Every three moves a box leaves, and the pocket holds three.

https://play.hrytsko.com/box-arrives/?utm_source=youtube&utm_medium=cold&utm_campaign=proofofplay&utm_content=day-01-today
#ProofOfPlay",https://play.hrytsko.com/box-arrives/?utm_source=youtube&utm_medium=cold&utm_campaign=proofofplay&utm_content=day-01-today,clips/01.mp4,day-01 today cold
2026-09-30,21:00,YouTube Shorts,en,tomorrow,01 Incoming Box,"The colour you need isn't there yet. The pocket holds three screws.

Tomorrow on the site.
https://play.hrytsko.com/?utm_source=youtube&utm_medium=cold&utm_campaign=proofofplay&utm_content=day-01-tomorrow#upcoming-title
#ProofOfPlay",https://play.hrytsko.com/?utm_source=youtube&utm_medium=cold&utm_campaign=proofofplay&utm_content=day-01-tomorrow#upcoming-title,,day-01 tomorrow cold
2026-10-01,19:00,Instagram,en,today,01 Incoming Box,"Incoming Box — Unscrew what matches the boxes below. Every three moves a box leaves, and the pocket holds three.

https://play.hrytsko.com/box-arrives/?utm_source=instagram&utm_medium=cold&utm_campaign=proofofplay&utm_content=day-01-today
#ProofOfPlay",https://play.hrytsko.com/box-arrives/?utm_source=instagram&utm_medium=cold&utm_campaign=proofofplay&utm_content=day-01-today,clips/01.mp4,day-01 today cold
2026-09-30,21:00,Instagram,en,tomorrow,01 Incoming Box,"The colour you need isn't there yet. The pocket holds three screws.

Tomorrow on the site.
https://play.hrytsko.com/?utm_source=instagram&utm_medium=cold&utm_campaign=proofofplay&utm_content=day-01-tomorrow#upcoming-title
#ProofOfPlay",https://play.hrytsko.com/?utm_source=instagram&utm_medium=cold&utm_campaign=proofofplay&utm_content=day-01-tomorrow#upcoming-title,,day-01 tomorrow cold
2026-10-01,19:00,X,en,today,01 Incoming Box,"Incoming Box — Unscrew what matches the boxes below. Every three moves a box leaves, and the pocket holds three.

https://play.hrytsko.com/box-arrives/?utm_source=x&utm_medium=warm&utm_campaign=proofofplay&utm_content=day-01-today
#ProofOfPlay",https://play.hrytsko.com/box-arrives/?utm_source=x&utm_medium=warm&utm_campaign=proofofplay&utm_content=day-01-today,clips/01.mp4,day-01 today warm
2026-09-30,21:00,X,en,tomorrow,01 Incoming Box,"The colour you need isn't there yet. The pocket holds three screws.

Tomorrow on the site.
https://play.hrytsko.com/?utm_source=x&utm_medium=warm&utm_campaign=proofofplay&utm_content=day-01-tomorrow#upcoming-title
#ProofOfPlay",https://play.hrytsko.com/?utm_source=x&utm_medium=warm&utm_campaign=proofofplay&utm_content=day-01-tomorrow#upcoming-title,,day-01 tomorrow warm
2026-10-01,19:00,Bluesky,en,today,01 Incoming Box,"Incoming Box — Unscrew what matches the boxes below. Every three moves a box leaves, and the pocket holds three.

https://play.hrytsko.com/box-arrives/?utm_source=bluesky&utm_medium=warm&utm_campaign=proofofplay&utm_content=day-01-today
#ProofOfPlay",https://play.hrytsko.com/box-arrives/?utm_source=bluesky&utm_medium=warm&utm_campaign=proofofplay&utm_content=day-01-today,clips/01.mp4,day-01 today warm
2026-09-30,21:00,Bluesky,en,tomorrow,01 Incoming Box,"The colour you need isn't there yet. The pocket holds three screws.

Tomorrow on the site.
https://play.hrytsko.com/?utm_source=bluesky&utm_medium=warm&utm_campaign=proofofplay&utm_content=day-01-tomorrow#upcoming-title
#ProofOfPlay",https://play.hrytsko.com/?utm_source=bluesky&utm_medium=warm&utm_campaign=proofofplay&utm_content=day-01-tomorrow#upcoming-title,,day-01 tomorrow warm
2026-10-01,19:00,Threads,en,today,01 Incoming Box,"Incoming Box — Unscrew what matches the boxes below. Every three moves a box leaves, and the pocket holds three.

https://play.hrytsko.com/box-arrives/?utm_source=threads&utm_medium=warm&utm_campaign=proofofplay&utm_content=day-01-today
#ProofOfPlay",https://play.hrytsko.com/box-arrives/?utm_source=threads&utm_medium=warm&utm_campaign=proofofplay&utm_content=day-01-today,clips/01.mp4,day-01 today warm
2026-09-30,21:00,Threads,en,tomorrow,01 Incoming Box,"The colour you need isn't there yet. The pocket holds three screws.

Tomorrow on the site.
https://play.hrytsko.com/?utm_source=threads&utm_medium=warm&utm_campaign=proofofplay&utm_content=day-01-tomorrow#upcoming-title
#ProofOfPlay",https://play.hrytsko.com/?utm_source=threads&utm_medium=warm&utm_campaign=proofofplay&utm_content=day-01-tomorrow#upcoming-title,,day-01 tomorrow warm
2026-10-01,19:00,LinkedIn,en,today,01 Incoming Box,"Incoming Box — Unscrew what matches the boxes below. Every three moves a box leaves, and the pocket holds three.

https://play.hrytsko.com/box-arrives/?utm_source=linkedin&utm_medium=warm&utm_campaign=proofofplay&utm_content=day-01-today
#ProofOfPlay",https://play.hrytsko.com/box-arrives/?utm_source=linkedin&utm_medium=warm&utm_campaign=proofofplay&utm_content=day-01-today,clips/01.mp4,day-01 today warm
2026-09-30,21:00,LinkedIn,en,tomorrow,01 Incoming Box,"The colour you need isn't there yet. The pocket holds three screws.

Tomorrow on the site.
https://play.hrytsko.com/?utm_source=linkedin&utm_medium=warm&utm_campaign=proofofplay&utm_content=day-01-tomorrow#upcoming-title
#ProofOfPlay",https://play.hrytsko.com/?utm_source=linkedin&utm_medium=warm&utm_campaign=proofofplay&utm_content=day-01-tomorrow#upcoming-title,,day-01 tomorrow warm
2026-10-01,19:00,Telegram,ru,today,01 Ящик приезжает,"Ящик приезжает — Откручивай винты под текущие ящики; каждые три хода ящик меняется, карман вмещает три.

https://play.hrytsko.com/box-arrives/?utm_source=telegram&utm_medium=warm&utm_campaign=proofofplay&utm_content=day-01-today
#ProofOfPlay",https://play.hrytsko.com/box-arrives/?utm_source=telegram&utm_medium=warm&utm_campaign=proofofplay&utm_content=day-01-today,clips/01.mp4,day-01 today warm
2026-09-30,21:00,Telegram,ru,tomorrow,01 Ящик приезжает,"Нужного цвета сейчас нет — значит винт идёт в карман. Мест в кармане три.

Завтра на сайте.
https://play.hrytsko.com/?utm_source=telegram&utm_medium=warm&utm_campaign=proofofplay&utm_content=day-01-tomorrow#upcoming-title
#ProofOfPlay",https://play.hrytsko.com/?utm_source=telegram&utm_medium=warm&utm_campaign=proofofplay&utm_content=day-01-tomorrow#upcoming-title,,day-01 tomorrow warm
2026-10-02,19:00,TikTok,en,today,02 Two Moves Out,"Two Moves Out — Call the cars early—they arrive two moves later, and the space had better be clear by then.

https://play.hrytsko.com/two-moves-later/?utm_source=tiktok&utm_medium=cold&utm_campaign=proofofplay&utm_content=day-02-today
#ProofOfPlay",https://play.hrytsko.com/two-moves-later/?utm_source=tiktok&utm_medium=cold&utm_campaign=proofofplay&utm_content=day-02-today,clips/02.mp4,day-02 today cold provisional
2026-10-01,21:00,TikTok,en,tomorrow,02 Two Moves Out,"You call it now. It arrives two moves later. Clearing the space is your problem.

Tomorrow on the site.
https://play.hrytsko.com/?utm_source=tiktok&utm_medium=cold&utm_campaign=proofofplay&utm_content=day-02-tomorrow#upcoming-title
#ProofOfPlay",https://play.hrytsko.com/?utm_source=tiktok&utm_medium=cold&utm_campaign=proofofplay&utm_content=day-02-tomorrow#upcoming-title,,day-02 tomorrow cold provisional
2026-10-02,19:00,YouTube Shorts,en,today,02 Two Moves Out,"Two Moves Out — Call the cars early—they arrive two moves later, and the space had better be clear by then.

https://play.hrytsko.com/two-moves-later/?utm_source=youtube&utm_medium=cold&utm_campaign=proofofplay&utm_content=day-02-today
#ProofOfPlay",https://play.hrytsko.com/two-moves-later/?utm_source=youtube&utm_medium=cold&utm_campaign=proofofplay&utm_content=day-02-today,clips/02.mp4,day-02 today cold provisional
2026-10-01,21:00,YouTube Shorts,en,tomorrow,02 Two Moves Out,"You call it now. It arrives two moves later. Clearing the space is your problem.

Tomorrow on the site.
https://play.hrytsko.com/?utm_source=youtube&utm_medium=cold&utm_campaign=proofofplay&utm_content=day-02-tomorrow#upcoming-title
#ProofOfPlay",https://play.hrytsko.com/?utm_source=youtube&utm_medium=cold&utm_campaign=proofofplay&utm_content=day-02-tomorrow#upcoming-title,,day-02 tomorrow cold provisional
2026-10-02,19:00,Instagram,en,today,02 Two Moves Out,"Two Moves Out — Call the cars early—they arrive two moves later, and the space had better be clear by then.

https://play.hrytsko.com/two-moves-later/?utm_source=instagram&utm_medium=cold&utm_campaign=proofofplay&utm_content=day-02-today
#ProofOfPlay",https://play.hrytsko.com/two-moves-later/?utm_source=instagram&utm_medium=cold&utm_campaign=proofofplay&utm_content=day-02-today,clips/02.mp4,day-02 today cold provisional
2026-10-01,21:00,Instagram,en,tomorrow,02 Two Moves Out,"You call it now. It arrives two moves later. Clearing the space is your problem.

Tomorrow on the site.
https://play.hrytsko.com/?utm_source=instagram&utm_medium=cold&utm_campaign=proofofplay&utm_content=day-02-tomorrow#upcoming-title
#ProofOfPlay",https://play.hrytsko.com/?utm_source=instagram&utm_medium=cold&utm_campaign=proofofplay&utm_content=day-02-tomorrow#upcoming-title,,day-02 tomorrow cold provisional
2026-10-02,19:00,X,en,today,02 Two Moves Out,"Two Moves Out — Call the cars early—they arrive two moves later, and the space had better be clear by then.

https://play.hrytsko.com/two-moves-later/?utm_source=x&utm_medium=warm&utm_campaign=proofofplay&utm_content=day-02-today
#ProofOfPlay",https://play.hrytsko.com/two-moves-later/?utm_source=x&utm_medium=warm&utm_campaign=proofofplay&utm_content=day-02-today,clips/02.mp4,day-02 today warm provisional
2026-10-01,21:00,X,en,tomorrow,02 Two Moves Out,"You call it now. It arrives two moves later. Clearing the space is your problem.

Tomorrow on the site.
https://play.hrytsko.com/?utm_source=x&utm_medium=warm&utm_campaign=proofofplay&utm_content=day-02-tomorrow#upcoming-title
#ProofOfPlay",https://play.hrytsko.com/?utm_source=x&utm_medium=warm&utm_campaign=proofofplay&utm_content=day-02-tomorrow#upcoming-title,,day-02 tomorrow warm provisional
2026-10-02,19:00,Bluesky,en,today,02 Two Moves Out,"Two Moves Out — Call the cars early—they arrive two moves later, and the space had better be clear by then.

https://play.hrytsko.com/two-moves-later/?utm_source=bluesky&utm_medium=warm&utm_campaign=proofofplay&utm_content=day-02-today
#ProofOfPlay",https://play.hrytsko.com/two-moves-later/?utm_source=bluesky&utm_medium=warm&utm_campaign=proofofplay&utm_content=day-02-today,clips/02.mp4,day-02 today warm provisional
2026-10-01,21:00,Bluesky,en,tomorrow,02 Two Moves Out,"You call it now. It arrives two moves later. Clearing the space is your problem.

Tomorrow on the site.
https://play.hrytsko.com/?utm_source=bluesky&utm_medium=warm&utm_campaign=proofofplay&utm_content=day-02-tomorrow#upcoming-title
#ProofOfPlay",https://play.hrytsko.com/?utm_source=bluesky&utm_medium=warm&utm_campaign=proofofplay&utm_content=day-02-tomorrow#upcoming-title,,day-02 tomorrow warm provisional
2026-10-02,19:00,Threads,en,today,02 Two Moves Out,"Two Moves Out — Call the cars early—they arrive two moves later, and the space had better be clear by then.

https://play.hrytsko.com/two-moves-later/?utm_source=threads&utm_medium=warm&utm_campaign=proofofplay&utm_content=day-02-today
#ProofOfPlay",https://play.hrytsko.com/two-moves-later/?utm_source=threads&utm_medium=warm&utm_campaign=proofofplay&utm_content=day-02-today,clips/02.mp4,day-02 today warm provisional
2026-10-01,21:00,Threads,en,tomorrow,02 Two Moves Out,"You call it now. It arrives two moves later. Clearing the space is your problem.

Tomorrow on the site.
https://play.hrytsko.com/?utm_source=threads&utm_medium=warm&utm_campaign=proofofplay&utm_content=day-02-tomorrow#upcoming-title
#ProofOfPlay",https://play.hrytsko.com/?utm_source=threads&utm_medium=warm&utm_campaign=proofofplay&utm_content=day-02-tomorrow#upcoming-title,,day-02 tomorrow warm provisional
2026-10-02,19:00,LinkedIn,en,today,02 Two Moves Out,"Two Moves Out — Call the cars early—they arrive two moves later, and the space had better be clear by then.

https://play.hrytsko.com/two-moves-later/?utm_source=linkedin&utm_medium=warm&utm_campaign=proofofplay&utm_content=day-02-today
#ProofOfPlay",https://play.hrytsko.com/two-moves-later/?utm_source=linkedin&utm_medium=warm&utm_campaign=proofofplay&utm_content=day-02-today,clips/02.mp4,day-02 today warm provisional
2026-10-01,21:00,LinkedIn,en,tomorrow,02 Two Moves Out,"You call it now. It arrives two moves later. Clearing the space is your problem.

Tomorrow on the site.
https://play.hrytsko.com/?utm_source=linkedin&utm_medium=warm&utm_campaign=proofofplay&utm_content=day-02-tomorrow#upcoming-title
#ProofOfPlay",https://play.hrytsko.com/?utm_source=linkedin&utm_medium=warm&utm_campaign=proofofplay&utm_content=day-02-tomorrow#upcoming-title,,day-02 tomorrow warm provisional
2026-10-02,19:00,Telegram,ru,today,02 Через два хода,"Через два хода — Вызывай машины заранее: они въезжают через два хода, и место должно быть свободно.

https://play.hrytsko.com/two-moves-later/?utm_source=telegram&utm_medium=warm&utm_campaign=proofofplay&utm_content=day-02-today
#ProofOfPlay",https://play.hrytsko.com/two-moves-later/?utm_source=telegram&utm_medium=warm&utm_campaign=proofofplay&utm_content=day-02-today,clips/02.mp4,day-02 today warm provisional
2026-10-01,21:00,Telegram,ru,tomorrow,02 Через два хода,"Ты вызываешь машину сейчас, а приедет она через два хода. Место освобождать тебе.

Завтра на сайте.
https://play.hrytsko.com/?utm_source=telegram&utm_medium=warm&utm_campaign=proofofplay&utm_content=day-02-tomorrow#upcoming-title
#ProofOfPlay",https://play.hrytsko.com/?utm_source=telegram&utm_medium=warm&utm_campaign=proofofplay&utm_content=day-02-tomorrow#upcoming-title,,day-02 tomorrow warm provisional
2026-10-03,19:00,TikTok,en,today,03 The Basement,"The Basement — Take the top piece from one of three stacks and place it. What's underneath is the next problem.

https://play.hrytsko.com/basement/?utm_source=tiktok&utm_medium=cold&utm_campaign=proofofplay&utm_content=day-03-today
#ProofOfPlay",https://play.hrytsko.com/basement/?utm_source=tiktok&utm_medium=cold&utm_campaign=proofofplay&utm_content=day-03-today,clips/03.mp4,day-03 today cold provisional
2026-10-02,21:00,TikTok,en,tomorrow,03 The Basement,"Three stacks, top piece only. The one you need is always further down.

Tomorrow on the site.
https://play.hrytsko.com/?utm_source=tiktok&utm_medium=cold&utm_campaign=proofofplay&utm_content=day-03-tomorrow#upcoming-title
#ProofOfPlay",https://play.hrytsko.com/?utm_source=tiktok&utm_medium=cold&utm_campaign=proofofplay&utm_content=day-03-tomorrow#upcoming-title,,day-03 tomorrow cold provisional
2026-10-03,19:00,YouTube Shorts,en,today,03 The Basement,"The Basement — Take the top piece from one of three stacks and place it. What's underneath is the next problem.

https://play.hrytsko.com/basement/?utm_source=youtube&utm_medium=cold&utm_campaign=proofofplay&utm_content=day-03-today
#ProofOfPlay",https://play.hrytsko.com/basement/?utm_source=youtube&utm_medium=cold&utm_campaign=proofofplay&utm_content=day-03-today,clips/03.mp4,day-03 today cold provisional
2026-10-02,21:00,YouTube Shorts,en,tomorrow,03 The Basement,"Three stacks, top piece only. The one you need is always further down.

Tomorrow on the site.
https://play.hrytsko.com/?utm_source=youtube&utm_medium=cold&utm_campaign=proofofplay&utm_content=day-03-tomorrow#upcoming-title
#ProofOfPlay",https://play.hrytsko.com/?utm_source=youtube&utm_medium=cold&utm_campaign=proofofplay&utm_content=day-03-tomorrow#upcoming-title,,day-03 tomorrow cold provisional
2026-10-03,19:00,Instagram,en,today,03 The Basement,"The Basement — Take the top piece from one of three stacks and place it. What's underneath is the next problem.

https://play.hrytsko.com/basement/?utm_source=instagram&utm_medium=cold&utm_campaign=proofofplay&utm_content=day-03-today
#ProofOfPlay",https://play.hrytsko.com/basement/?utm_source=instagram&utm_medium=cold&utm_campaign=proofofplay&utm_content=day-03-today,clips/03.mp4,day-03 today cold provisional
2026-10-02,21:00,Instagram,en,tomorrow,03 The Basement,"Three stacks, top piece only. The one you need is always further down.

Tomorrow on the site.
https://play.hrytsko.com/?utm_source=instagram&utm_medium=cold&utm_campaign=proofofplay&utm_content=day-03-tomorrow#upcoming-title
#ProofOfPlay",https://play.hrytsko.com/?utm_source=instagram&utm_medium=cold&utm_campaign=proofofplay&utm_content=day-03-tomorrow#upcoming-title,,day-03 tomorrow cold provisional
2026-10-03,19:00,X,en,today,03 The Basement,"The Basement — Take the top piece from one of three stacks and place it. What's underneath is the next problem.

https://play.hrytsko.com/basement/?utm_source=x&utm_medium=warm&utm_campaign=proofofplay&utm_content=day-03-today
#ProofOfPlay",https://play.hrytsko.com/basement/?utm_source=x&utm_medium=warm&utm_campaign=proofofplay&utm_content=day-03-today,clips/03.mp4,day-03 today warm provisional
2026-10-02,21:00,X,en,tomorrow,03 The Basement,"Three stacks, top piece only. The one you need is always further down.

Tomorrow on the site.
https://play.hrytsko.com/?utm_source=x&utm_medium=warm&utm_campaign=proofofplay&utm_content=day-03-tomorrow#upcoming-title
#ProofOfPlay",https://play.hrytsko.com/?utm_source=x&utm_medium=warm&utm_campaign=proofofplay&utm_content=day-03-tomorrow#upcoming-title,,day-03 tomorrow warm provisional
2026-10-03,19:00,Bluesky,en,today,03 The Basement,"The Basement — Take the top piece from one of three stacks and place it. What's underneath is the next problem.

https://play.hrytsko.com/basement/?utm_source=bluesky&utm_medium=warm&utm_campaign=proofofplay&utm_content=day-03-today
#ProofOfPlay",https://play.hrytsko.com/basement/?utm_source=bluesky&utm_medium=warm&utm_campaign=proofofplay&utm_content=day-03-today,clips/03.mp4,day-03 today warm provisional
2026-10-02,21:00,Bluesky,en,tomorrow,03 The Basement,"Three stacks, top piece only. The one you need is always further down.

Tomorrow on the site.
https://play.hrytsko.com/?utm_source=bluesky&utm_medium=warm&utm_campaign=proofofplay&utm_content=day-03-tomorrow#upcoming-title
#ProofOfPlay",https://play.hrytsko.com/?utm_source=bluesky&utm_medium=warm&utm_campaign=proofofplay&utm_content=day-03-tomorrow#upcoming-title,,day-03 tomorrow warm provisional
2026-10-03,19:00,Threads,en,today,03 The Basement,"The Basement — Take the top piece from one of three stacks and place it. What's underneath is the next problem.

https://play.hrytsko.com/basement/?utm_source=threads&utm_medium=warm&utm_campaign=proofofplay&utm_content=day-03-today
#ProofOfPlay",https://play.hrytsko.com/basement/?utm_source=threads&utm_medium=warm&utm_campaign=proofofplay&utm_content=day-03-today,clips/03.mp4,day-03 today warm provisional
2026-10-02,21:00,Threads,en,tomorrow,03 The Basement,"Three stacks, top piece only. The one you need is always further down.

Tomorrow on the site.
https://play.hrytsko.com/?utm_source=threads&utm_medium=warm&utm_campaign=proofofplay&utm_content=day-03-tomorrow#upcoming-title
#ProofOfPlay",https://play.hrytsko.com/?utm_source=threads&utm_medium=warm&utm_campaign=proofofplay&utm_content=day-03-tomorrow#upcoming-title,,day-03 tomorrow warm provisional
2026-10-03,19:00,LinkedIn,en,today,03 The Basement,"The Basement — Take the top piece from one of three stacks and place it. What's underneath is the next problem.

https://play.hrytsko.com/basement/?utm_source=linkedin&utm_medium=warm&utm_campaign=proofofplay&utm_content=day-03-today
#ProofOfPlay",https://play.hrytsko.com/basement/?utm_source=linkedin&utm_medium=warm&utm_campaign=proofofplay&utm_content=day-03-today,clips/03.mp4,day-03 today warm provisional
2026-10-02,21:00,LinkedIn,en,tomorrow,03 The Basement,"Three stacks, top piece only. The one you need is always further down.

Tomorrow on the site.
https://play.hrytsko.com/?utm_source=linkedin&utm_medium=warm&utm_campaign=proofofplay&utm_content=day-03-tomorrow#upcoming-title
#ProofOfPlay",https://play.hrytsko.com/?utm_source=linkedin&utm_medium=warm&utm_campaign=proofofplay&utm_content=day-03-tomorrow#upcoming-title,,day-03 tomorrow warm provisional
2026-10-03,19:00,Telegram,ru,today,03 Подвал,"Подвал — Бери верхнюю фигуру из одной из трёх стопок и укладывай её на поле.

https://play.hrytsko.com/basement/?utm_source=telegram&utm_medium=warm&utm_campaign=proofofplay&utm_content=day-03-today
#ProofOfPlay",https://play.hrytsko.com/basement/?utm_source=telegram&utm_medium=warm&utm_campaign=proofofplay&utm_content=day-03-today,clips/03.mp4,day-03 today warm provisional
2026-10-02,21:00,Telegram,ru,tomorrow,03 Подвал,"Три стопки, брать можно только сверху. Нужная фигура всегда где-то ниже.

Завтра на сайте.
https://play.hrytsko.com/?utm_source=telegram&utm_medium=warm&utm_campaign=proofofplay&utm_content=day-03-tomorrow#upcoming-title
#ProofOfPlay",https://play.hrytsko.com/?utm_source=telegram&utm_medium=warm&utm_campaign=proofofplay&utm_content=day-03-tomorrow#upcoming-title,,day-03 tomorrow warm provisional
2026-10-04,19:00,TikTok,en,today,04 Triple,"Triple — Drop screws into the tray: three of a kind clear, an overflowing tray ends the run.

https://play.hrytsko.com/triple/?utm_source=tiktok&utm_medium=cold&utm_campaign=proofofplay&utm_content=day-04-today
#ProofOfPlay",https://play.hrytsko.com/triple/?utm_source=tiktok&utm_medium=cold&utm_campaign=proofofplay&utm_content=day-04-today,clips/04.mp4,day-04 today cold provisional
2026-10-03,21:00,TikTok,en,tomorrow,04 Triple,"Three matching screws clear the tray. The tray fills up faster than that.

Tomorrow on the site.
https://play.hrytsko.com/?utm_source=tiktok&utm_medium=cold&utm_campaign=proofofplay&utm_content=day-04-tomorrow#upcoming-title
#ProofOfPlay",https://play.hrytsko.com/?utm_source=tiktok&utm_medium=cold&utm_campaign=proofofplay&utm_content=day-04-tomorrow#upcoming-title,,day-04 tomorrow cold provisional
2026-10-04,19:00,YouTube Shorts,en,today,04 Triple,"Triple — Drop screws into the tray: three of a kind clear, an overflowing tray ends the run.

https://play.hrytsko.com/triple/?utm_source=youtube&utm_medium=cold&utm_campaign=proofofplay&utm_content=day-04-today
#ProofOfPlay",https://play.hrytsko.com/triple/?utm_source=youtube&utm_medium=cold&utm_campaign=proofofplay&utm_content=day-04-today,clips/04.mp4,day-04 today cold provisional
2026-10-03,21:00,YouTube Shorts,en,tomorrow,04 Triple,"Three matching screws clear the tray. The tray fills up faster than that.

Tomorrow on the site.
https://play.hrytsko.com/?utm_source=youtube&utm_medium=cold&utm_campaign=proofofplay&utm_content=day-04-tomorrow#upcoming-title
#ProofOfPlay",https://play.hrytsko.com/?utm_source=youtube&utm_medium=cold&utm_campaign=proofofplay&utm_content=day-04-tomorrow#upcoming-title,,day-04 tomorrow cold provisional
2026-10-04,19:00,Instagram,en,today,04 Triple,"Triple — Drop screws into the tray: three of a kind clear, an overflowing tray ends the run.

https://play.hrytsko.com/triple/?utm_source=instagram&utm_medium=cold&utm_campaign=proofofplay&utm_content=day-04-today
#ProofOfPlay",https://play.hrytsko.com/triple/?utm_source=instagram&utm_medium=cold&utm_campaign=proofofplay&utm_content=day-04-today,clips/04.mp4,day-04 today cold provisional
2026-10-03,21:00,Instagram,en,tomorrow,04 Triple,"Three matching screws clear the tray. The tray fills up faster than that.

Tomorrow on the site.
https://play.hrytsko.com/?utm_source=instagram&utm_medium=cold&utm_campaign=proofofplay&utm_content=day-04-tomorrow#upcoming-title
#ProofOfPlay",https://play.hrytsko.com/?utm_source=instagram&utm_medium=cold&utm_campaign=proofofplay&utm_content=day-04-tomorrow#upcoming-title,,day-04 tomorrow cold provisional
2026-10-04,19:00,X,en,today,04 Triple,"Triple — Drop screws into the tray: three of a kind clear, an overflowing tray ends the run.

https://play.hrytsko.com/triple/?utm_source=x&utm_medium=warm&utm_campaign=proofofplay&utm_content=day-04-today
#ProofOfPlay",https://play.hrytsko.com/triple/?utm_source=x&utm_medium=warm&utm_campaign=proofofplay&utm_content=day-04-today,clips/04.mp4,day-04 today warm provisional
2026-10-03,21:00,X,en,tomorrow,04 Triple,"Three matching screws clear the tray. The tray fills up faster than that.

Tomorrow on the site.
https://play.hrytsko.com/?utm_source=x&utm_medium=warm&utm_campaign=proofofplay&utm_content=day-04-tomorrow#upcoming-title
#ProofOfPlay",https://play.hrytsko.com/?utm_source=x&utm_medium=warm&utm_campaign=proofofplay&utm_content=day-04-tomorrow#upcoming-title,,day-04 tomorrow warm provisional
2026-10-04,19:00,Bluesky,en,today,04 Triple,"Triple — Drop screws into the tray: three of a kind clear, an overflowing tray ends the run.

https://play.hrytsko.com/triple/?utm_source=bluesky&utm_medium=warm&utm_campaign=proofofplay&utm_content=day-04-today
#ProofOfPlay",https://play.hrytsko.com/triple/?utm_source=bluesky&utm_medium=warm&utm_campaign=proofofplay&utm_content=day-04-today,clips/04.mp4,day-04 today warm provisional
2026-10-03,21:00,Bluesky,en,tomorrow,04 Triple,"Three matching screws clear the tray. The tray fills up faster than that.

Tomorrow on the site.
https://play.hrytsko.com/?utm_source=bluesky&utm_medium=warm&utm_campaign=proofofplay&utm_content=day-04-tomorrow#upcoming-title
#ProofOfPlay",https://play.hrytsko.com/?utm_source=bluesky&utm_medium=warm&utm_campaign=proofofplay&utm_content=day-04-tomorrow#upcoming-title,,day-04 tomorrow warm provisional
2026-10-04,19:00,Threads,en,today,04 Triple,"Triple — Drop screws into the tray: three of a kind clear, an overflowing tray ends the run.

https://play.hrytsko.com/triple/?utm_source=threads&utm_medium=warm&utm_campaign=proofofplay&utm_content=day-04-today
#ProofOfPlay",https://play.hrytsko.com/triple/?utm_source=threads&utm_medium=warm&utm_campaign=proofofplay&utm_content=day-04-today,clips/04.mp4,day-04 today warm provisional
2026-10-03,21:00,Threads,en,tomorrow,04 Triple,"Three matching screws clear the tray. The tray fills up faster than that.

Tomorrow on the site.
https://play.hrytsko.com/?utm_source=threads&utm_medium=warm&utm_campaign=proofofplay&utm_content=day-04-tomorrow#upcoming-title
#ProofOfPlay",https://play.hrytsko.com/?utm_source=threads&utm_medium=warm&utm_campaign=proofofplay&utm_content=day-04-tomorrow#upcoming-title,,day-04 tomorrow warm provisional
2026-10-04,19:00,LinkedIn,en,today,04 Triple,"Triple — Drop screws into the tray: three of a kind clear, an overflowing tray ends the run.

https://play.hrytsko.com/triple/?utm_source=linkedin&utm_medium=warm&utm_campaign=proofofplay&utm_content=day-04-today
#ProofOfPlay",https://play.hrytsko.com/triple/?utm_source=linkedin&utm_medium=warm&utm_campaign=proofofplay&utm_content=day-04-today,clips/04.mp4,day-04 today warm provisional
2026-10-03,21:00,LinkedIn,en,tomorrow,04 Triple,"Three matching screws clear the tray. The tray fills up faster than that.

Tomorrow on the site.
https://play.hrytsko.com/?utm_source=linkedin&utm_medium=warm&utm_campaign=proofofplay&utm_content=day-04-tomorrow#upcoming-title
#ProofOfPlay",https://play.hrytsko.com/?utm_source=linkedin&utm_medium=warm&utm_campaign=proofofplay&utm_content=day-04-tomorrow#upcoming-title,,day-04 tomorrow warm provisional
2026-10-04,19:00,Telegram,ru,today,04 Тройка,"Тройка — Откручивай винты в поддон: три одинаковых исчезают, а переполненный поддон — проигрыш.

https://play.hrytsko.com/triple/?utm_source=telegram&utm_medium=warm&utm_campaign=proofofplay&utm_content=day-04-today
#ProofOfPlay",https://play.hrytsko.com/triple/?utm_source=telegram&utm_medium=warm&utm_campaign=proofofplay&utm_content=day-04-today,clips/04.mp4,day-04 today warm provisional
2026-10-03,21:00,Telegram,ru,tomorrow,04 Тройка,"Три одинаковых винта исчезают. Проблема в том, что поддон заполняется быстрее.

Завтра на сайте.
https://play.hrytsko.com/?utm_source=telegram&utm_medium=warm&utm_campaign=proofofplay&utm_content=day-04-tomorrow#upcoming-title
#ProofOfPlay",https://play.hrytsko.com/?utm_source=telegram&utm_medium=warm&utm_campaign=proofofplay&utm_content=day-04-tomorrow#upcoming-title,,day-04 tomorrow warm provisional
2026-10-05,19:00,TikTok,en,today,05 Only Green,"Only Green — Mix liquids in equal parts and collect enough green without ever making brown.

https://play.hrytsko.com/only-green/?utm_source=tiktok&utm_medium=cold&utm_campaign=proofofplay&utm_content=day-05-today
#ProofOfPlay",https://play.hrytsko.com/only-green/?utm_source=tiktok&utm_medium=cold&utm_campaign=proofofplay&utm_content=day-05-today,clips/05.mp4,day-05 today cold provisional
2026-10-04,21:00,TikTok,en,tomorrow,05 Only Green,"Mix the wrong two and you get brown. Brown doesn't wash out.

Tomorrow on the site.
https://play.hrytsko.com/?utm_source=tiktok&utm_medium=cold&utm_campaign=proofofplay&utm_content=day-05-tomorrow#upcoming-title
#ProofOfPlay",https://play.hrytsko.com/?utm_source=tiktok&utm_medium=cold&utm_campaign=proofofplay&utm_content=day-05-tomorrow#upcoming-title,,day-05 tomorrow cold provisional
2026-10-05,19:00,YouTube Shorts,en,today,05 Only Green,"Only Green — Mix liquids in equal parts and collect enough green without ever making brown.

https://play.hrytsko.com/only-green/?utm_source=youtube&utm_medium=cold&utm_campaign=proofofplay&utm_content=day-05-today
#ProofOfPlay",https://play.hrytsko.com/only-green/?utm_source=youtube&utm_medium=cold&utm_campaign=proofofplay&utm_content=day-05-today,clips/05.mp4,day-05 today cold provisional
2026-10-04,21:00,YouTube Shorts,en,tomorrow,05 Only Green,"Mix the wrong two and you get brown. Brown doesn't wash out.

Tomorrow on the site.
https://play.hrytsko.com/?utm_source=youtube&utm_medium=cold&utm_campaign=proofofplay&utm_content=day-05-tomorrow#upcoming-title
#ProofOfPlay",https://play.hrytsko.com/?utm_source=youtube&utm_medium=cold&utm_campaign=proofofplay&utm_content=day-05-tomorrow#upcoming-title,,day-05 tomorrow cold provisional
2026-10-05,19:00,Instagram,en,today,05 Only Green,"Only Green — Mix liquids in equal parts and collect enough green without ever making brown.

https://play.hrytsko.com/only-green/?utm_source=instagram&utm_medium=cold&utm_campaign=proofofplay&utm_content=day-05-today
#ProofOfPlay",https://play.hrytsko.com/only-green/?utm_source=instagram&utm_medium=cold&utm_campaign=proofofplay&utm_content=day-05-today,clips/05.mp4,day-05 today cold provisional
2026-10-04,21:00,Instagram,en,tomorrow,05 Only Green,"Mix the wrong two and you get brown. Brown doesn't wash out.

Tomorrow on the site.
https://play.hrytsko.com/?utm_source=instagram&utm_medium=cold&utm_campaign=proofofplay&utm_content=day-05-tomorrow#upcoming-title
#ProofOfPlay",https://play.hrytsko.com/?utm_source=instagram&utm_medium=cold&utm_campaign=proofofplay&utm_content=day-05-tomorrow#upcoming-title,,day-05 tomorrow cold provisional
2026-10-05,19:00,X,en,today,05 Only Green,"Only Green — Mix liquids in equal parts and collect enough green without ever making brown.

https://play.hrytsko.com/only-green/?utm_source=x&utm_medium=warm&utm_campaign=proofofplay&utm_content=day-05-today
#ProofOfPlay",https://play.hrytsko.com/only-green/?utm_source=x&utm_medium=warm&utm_campaign=proofofplay&utm_content=day-05-today,clips/05.mp4,day-05 today warm provisional
2026-10-04,21:00,X,en,tomorrow,05 Only Green,"Mix the wrong two and you get brown. Brown doesn't wash out.

Tomorrow on the site.
https://play.hrytsko.com/?utm_source=x&utm_medium=warm&utm_campaign=proofofplay&utm_content=day-05-tomorrow#upcoming-title
#ProofOfPlay",https://play.hrytsko.com/?utm_source=x&utm_medium=warm&utm_campaign=proofofplay&utm_content=day-05-tomorrow#upcoming-title,,day-05 tomorrow warm provisional
2026-10-05,19:00,Bluesky,en,today,05 Only Green,"Only Green — Mix liquids in equal parts and collect enough green without ever making brown.

https://play.hrytsko.com/only-green/?utm_source=bluesky&utm_medium=warm&utm_campaign=proofofplay&utm_content=day-05-today
#ProofOfPlay",https://play.hrytsko.com/only-green/?utm_source=bluesky&utm_medium=warm&utm_campaign=proofofplay&utm_content=day-05-today,clips/05.mp4,day-05 today warm provisional
2026-10-04,21:00,Bluesky,en,tomorrow,05 Only Green,"Mix the wrong two and you get brown. Brown doesn't wash out.

Tomorrow on the site.
https://play.hrytsko.com/?utm_source=bluesky&utm_medium=warm&utm_campaign=proofofplay&utm_content=day-05-tomorrow#upcoming-title
#ProofOfPlay",https://play.hrytsko.com/?utm_source=bluesky&utm_medium=warm&utm_campaign=proofofplay&utm_content=day-05-tomorrow#upcoming-title,,day-05 tomorrow warm provisional
2026-10-05,19:00,Threads,en,today,05 Only Green,"Only Green — Mix liquids in equal parts and collect enough green without ever making brown.

https://play.hrytsko.com/only-green/?utm_source=threads&utm_medium=warm&utm_campaign=proofofplay&utm_content=day-05-today
#ProofOfPlay",https://play.hrytsko.com/only-green/?utm_source=threads&utm_medium=warm&utm_campaign=proofofplay&utm_content=day-05-today,clips/05.mp4,day-05 today warm provisional
2026-10-04,21:00,Threads,en,tomorrow,05 Only Green,"Mix the wrong two and you get brown. Brown doesn't wash out.

Tomorrow on the site.
https://play.hrytsko.com/?utm_source=threads&utm_medium=warm&utm_campaign=proofofplay&utm_content=day-05-tomorrow#upcoming-title
#ProofOfPlay",https://play.hrytsko.com/?utm_source=threads&utm_medium=warm&utm_campaign=proofofplay&utm_content=day-05-tomorrow#upcoming-title,,day-05 tomorrow warm provisional
2026-10-05,19:00,LinkedIn,en,today,05 Only Green,"Only Green — Mix liquids in equal parts and collect enough green without ever making brown.

https://play.hrytsko.com/only-green/?utm_source=linkedin&utm_medium=warm&utm_campaign=proofofplay&utm_content=day-05-today
#ProofOfPlay",https://play.hrytsko.com/only-green/?utm_source=linkedin&utm_medium=warm&utm_campaign=proofofplay&utm_content=day-05-today,clips/05.mp4,day-05 today warm provisional
2026-10-04,21:00,LinkedIn,en,tomorrow,05 Only Green,"Mix the wrong two and you get brown. Brown doesn't wash out.

Tomorrow on the site.
https://play.hrytsko.com/?utm_source=linkedin&utm_medium=warm&utm_campaign=proofofplay&utm_content=day-05-tomorrow#upcoming-title
#ProofOfPlay",https://play.hrytsko.com/?utm_source=linkedin&utm_medium=warm&utm_campaign=proofofplay&utm_content=day-05-tomorrow#upcoming-title,,day-05 tomorrow warm provisional
2026-10-05,19:00,Telegram,ru,today,05 Только зелёный,"Только зелёный — Смешивай жидкости в равных пропорциях и собери нужный объём зелёного, не получив бурый.

https://play.hrytsko.com/only-green/?utm_source=telegram&utm_medium=warm&utm_campaign=proofofplay&utm_content=day-05-today
#ProofOfPlay",https://play.hrytsko.com/only-green/?utm_source=telegram&utm_medium=warm&utm_campaign=proofofplay&utm_content=day-05-today,clips/05.mp4,day-05 today warm provisional
2026-10-04,21:00,Telegram,ru,tomorrow,05 Только зелёный,"Смешал не то — получил бурый. Бурый не отменяется.

Завтра на сайте.
https://play.hrytsko.com/?utm_source=telegram&utm_medium=warm&utm_campaign=proofofplay&utm_content=day-05-tomorrow#upcoming-title
#ProofOfPlay",https://play.hrytsko.com/?utm_source=telegram&utm_medium=warm&utm_campaign=proofofplay&utm_content=day-05-tomorrow#upcoming-title,,day-05 tomorrow warm provisional
2026-10-06,19:00,TikTok,en,today,06 Tight Shelf,"Tight Shelf — Shelve the goods: three of a kind clear, and full shelves end the run.

https://play.hrytsko.com/tight-shelf/?utm_source=tiktok&utm_medium=cold&utm_campaign=proofofplay&utm_content=day-06-today
#ProofOfPlay",https://play.hrytsko.com/tight-shelf/?utm_source=tiktok&utm_medium=cold&utm_campaign=proofofplay&utm_content=day-06-today,clips/06.mp4,day-06 today cold provisional
2026-10-05,21:00,TikTok,en,tomorrow,06 Tight Shelf,"Few shelves, endless goods. Space is the only resource.

Tomorrow on the site.
https://play.hrytsko.com/?utm_source=tiktok&utm_medium=cold&utm_campaign=proofofplay&utm_content=day-06-tomorrow#upcoming-title
#ProofOfPlay",https://play.hrytsko.com/?utm_source=tiktok&utm_medium=cold&utm_campaign=proofofplay&utm_content=day-06-tomorrow#upcoming-title,,day-06 tomorrow cold provisional
2026-10-06,19:00,YouTube Shorts,en,today,06 Tight Shelf,"Tight Shelf — Shelve the goods: three of a kind clear, and full shelves end the run.

https://play.hrytsko.com/tight-shelf/?utm_source=youtube&utm_medium=cold&utm_campaign=proofofplay&utm_content=day-06-today
#ProofOfPlay",https://play.hrytsko.com/tight-shelf/?utm_source=youtube&utm_medium=cold&utm_campaign=proofofplay&utm_content=day-06-today,clips/06.mp4,day-06 today cold provisional
2026-10-05,21:00,YouTube Shorts,en,tomorrow,06 Tight Shelf,"Few shelves, endless goods. Space is the only resource.

Tomorrow on the site.
https://play.hrytsko.com/?utm_source=youtube&utm_medium=cold&utm_campaign=proofofplay&utm_content=day-06-tomorrow#upcoming-title
#ProofOfPlay",https://play.hrytsko.com/?utm_source=youtube&utm_medium=cold&utm_campaign=proofofplay&utm_content=day-06-tomorrow#upcoming-title,,day-06 tomorrow cold provisional
2026-10-06,19:00,Instagram,en,today,06 Tight Shelf,"Tight Shelf — Shelve the goods: three of a kind clear, and full shelves end the run.

https://play.hrytsko.com/tight-shelf/?utm_source=instagram&utm_medium=cold&utm_campaign=proofofplay&utm_content=day-06-today
#ProofOfPlay",https://play.hrytsko.com/tight-shelf/?utm_source=instagram&utm_medium=cold&utm_campaign=proofofplay&utm_content=day-06-today,clips/06.mp4,day-06 today cold provisional
2026-10-05,21:00,Instagram,en,tomorrow,06 Tight Shelf,"Few shelves, endless goods. Space is the only resource.

Tomorrow on the site.
https://play.hrytsko.com/?utm_source=instagram&utm_medium=cold&utm_campaign=proofofplay&utm_content=day-06-tomorrow#upcoming-title
#ProofOfPlay",https://play.hrytsko.com/?utm_source=instagram&utm_medium=cold&utm_campaign=proofofplay&utm_content=day-06-tomorrow#upcoming-title,,day-06 tomorrow cold provisional
2026-10-06,19:00,X,en,today,06 Tight Shelf,"Tight Shelf — Shelve the goods: three of a kind clear, and full shelves end the run.

https://play.hrytsko.com/tight-shelf/?utm_source=x&utm_medium=warm&utm_campaign=proofofplay&utm_content=day-06-today
#ProofOfPlay",https://play.hrytsko.com/tight-shelf/?utm_source=x&utm_medium=warm&utm_campaign=proofofplay&utm_content=day-06-today,clips/06.mp4,day-06 today warm provisional
2026-10-05,21:00,X,en,tomorrow,06 Tight Shelf,"Few shelves, endless goods. Space is the only resource.

Tomorrow on the site.
https://play.hrytsko.com/?utm_source=x&utm_medium=warm&utm_campaign=proofofplay&utm_content=day-06-tomorrow#upcoming-title
#ProofOfPlay",https://play.hrytsko.com/?utm_source=x&utm_medium=warm&utm_campaign=proofofplay&utm_content=day-06-tomorrow#upcoming-title,,day-06 tomorrow warm provisional
2026-10-06,19:00,Bluesky,en,today,06 Tight Shelf,"Tight Shelf — Shelve the goods: three of a kind clear, and full shelves end the run.

https://play.hrytsko.com/tight-shelf/?utm_source=bluesky&utm_medium=warm&utm_campaign=proofofplay&utm_content=day-06-today
#ProofOfPlay",https://play.hrytsko.com/tight-shelf/?utm_source=bluesky&utm_medium=warm&utm_campaign=proofofplay&utm_content=day-06-today,clips/06.mp4,day-06 today warm provisional
2026-10-05,21:00,Bluesky,en,tomorrow,06 Tight Shelf,"Few shelves, endless goods. Space is the only resource.

Tomorrow on the site.
https://play.hrytsko.com/?utm_source=bluesky&utm_medium=warm&utm_campaign=proofofplay&utm_content=day-06-tomorrow#upcoming-title
#ProofOfPlay",https://play.hrytsko.com/?utm_source=bluesky&utm_medium=warm&utm_campaign=proofofplay&utm_content=day-06-tomorrow#upcoming-title,,day-06 tomorrow warm provisional
2026-10-06,19:00,Threads,en,today,06 Tight Shelf,"Tight Shelf — Shelve the goods: three of a kind clear, and full shelves end the run.

https://play.hrytsko.com/tight-shelf/?utm_source=threads&utm_medium=warm&utm_campaign=proofofplay&utm_content=day-06-today
#ProofOfPlay",https://play.hrytsko.com/tight-shelf/?utm_source=threads&utm_medium=warm&utm_campaign=proofofplay&utm_content=day-06-today,clips/06.mp4,day-06 today warm provisional
2026-10-05,21:00,Threads,en,tomorrow,06 Tight Shelf,"Few shelves, endless goods. Space is the only resource.

Tomorrow on the site.
https://play.hrytsko.com/?utm_source=threads&utm_medium=warm&utm_campaign=proofofplay&utm_content=day-06-tomorrow#upcoming-title
#ProofOfPlay",https://play.hrytsko.com/?utm_source=threads&utm_medium=warm&utm_campaign=proofofplay&utm_content=day-06-tomorrow#upcoming-title,,day-06 tomorrow warm provisional
2026-10-06,19:00,LinkedIn,en,today,06 Tight Shelf,"Tight Shelf — Shelve the goods: three of a kind clear, and full shelves end the run.

https://play.hrytsko.com/tight-shelf/?utm_source=linkedin&utm_medium=warm&utm_campaign=proofofplay&utm_content=day-06-today
#ProofOfPlay",https://play.hrytsko.com/tight-shelf/?utm_source=linkedin&utm_medium=warm&utm_campaign=proofofplay&utm_content=day-06-today,clips/06.mp4,day-06 today warm provisional
2026-10-05,21:00,LinkedIn,en,tomorrow,06 Tight Shelf,"Few shelves, endless goods. Space is the only resource.

Tomorrow on the site.
https://play.hrytsko.com/?utm_source=linkedin&utm_medium=warm&utm_campaign=proofofplay&utm_content=day-06-tomorrow#upcoming-title
#ProofOfPlay",https://play.hrytsko.com/?utm_source=linkedin&utm_medium=warm&utm_campaign=proofofplay&utm_content=day-06-tomorrow#upcoming-title,,day-06 tomorrow warm provisional
2026-10-06,19:00,Telegram,ru,today,06 Тесная полка,"Тесная полка — Клади товары на полки: три одинаковых исчезают, а заполненные полки ведут к проигрышу.

https://play.hrytsko.com/tight-shelf/?utm_source=telegram&utm_medium=warm&utm_campaign=proofofplay&utm_content=day-06-today
#ProofOfPlay",https://play.hrytsko.com/tight-shelf/?utm_source=telegram&utm_medium=warm&utm_campaign=proofofplay&utm_content=day-06-today,clips/06.mp4,day-06 today warm provisional
2026-10-05,21:00,Telegram,ru,tomorrow,06 Тесная полка,"Полок мало, товар не кончается. Место — единственный ресурс.

Завтра на сайте.
https://play.hrytsko.com/?utm_source=telegram&utm_medium=warm&utm_campaign=proofofplay&utm_content=day-06-tomorrow#upcoming-title
#ProofOfPlay",https://play.hrytsko.com/?utm_source=telegram&utm_medium=warm&utm_campaign=proofofplay&utm_content=day-06-tomorrow#upcoming-title,,day-06 tomorrow warm provisional
2026-10-07,19:00,TikTok,en,today,07 Stalled,"Stalled — Move the cars to the exit. Each has a limited number of moves—spend them and it stalls for good.

https://play.hrytsko.com/stalled/?utm_source=tiktok&utm_medium=cold&utm_campaign=proofofplay&utm_content=day-07-today
#ProofOfPlay",https://play.hrytsko.com/stalled/?utm_source=tiktok&utm_medium=cold&utm_campaign=proofofplay&utm_content=day-07-today,clips/07.mp4,day-07 today cold provisional
2026-10-06,21:00,TikTok,en,tomorrow,07 Stalled,"Every car has a fixed number of moves. Waste them and it dies in the middle of the road.

Tomorrow on the site.
https://play.hrytsko.com/?utm_source=tiktok&utm_medium=cold&utm_campaign=proofofplay&utm_content=day-07-tomorrow#upcoming-title
#ProofOfPlay",https://play.hrytsko.com/?utm_source=tiktok&utm_medium=cold&utm_campaign=proofofplay&utm_content=day-07-tomorrow#upcoming-title,,day-07 tomorrow cold provisional
2026-10-07,19:00,YouTube Shorts,en,today,07 Stalled,"Stalled — Move the cars to the exit. Each has a limited number of moves—spend them and it stalls for good.

https://play.hrytsko.com/stalled/?utm_source=youtube&utm_medium=cold&utm_campaign=proofofplay&utm_content=day-07-today
#ProofOfPlay",https://play.hrytsko.com/stalled/?utm_source=youtube&utm_medium=cold&utm_campaign=proofofplay&utm_content=day-07-today,clips/07.mp4,day-07 today cold provisional
2026-10-06,21:00,YouTube Shorts,en,tomorrow,07 Stalled,"Every car has a fixed number of moves. Waste them and it dies in the middle of the road.

Tomorrow on the site.
https://play.hrytsko.com/?utm_source=youtube&utm_medium=cold&utm_campaign=proofofplay&utm_content=day-07-tomorrow#upcoming-title
#ProofOfPlay",https://play.hrytsko.com/?utm_source=youtube&utm_medium=cold&utm_campaign=proofofplay&utm_content=day-07-tomorrow#upcoming-title,,day-07 tomorrow cold provisional
2026-10-07,19:00,Instagram,en,today,07 Stalled,"Stalled — Move the cars to the exit. Each has a limited number of moves—spend them and it stalls for good.

https://play.hrytsko.com/stalled/?utm_source=instagram&utm_medium=cold&utm_campaign=proofofplay&utm_content=day-07-today
#ProofOfPlay",https://play.hrytsko.com/stalled/?utm_source=instagram&utm_medium=cold&utm_campaign=proofofplay&utm_content=day-07-today,clips/07.mp4,day-07 today cold provisional
2026-10-06,21:00,Instagram,en,tomorrow,07 Stalled,"Every car has a fixed number of moves. Waste them and it dies in the middle of the road.

Tomorrow on the site.
https://play.hrytsko.com/?utm_source=instagram&utm_medium=cold&utm_campaign=proofofplay&utm_content=day-07-tomorrow#upcoming-title
#ProofOfPlay",https://play.hrytsko.com/?utm_source=instagram&utm_medium=cold&utm_campaign=proofofplay&utm_content=day-07-tomorrow#upcoming-title,,day-07 tomorrow cold provisional
2026-10-07,19:00,X,en,today,07 Stalled,"Stalled — Move the cars to the exit. Each has a limited number of moves—spend them and it stalls for good.

https://play.hrytsko.com/stalled/?utm_source=x&utm_medium=warm&utm_campaign=proofofplay&utm_content=day-07-today
#ProofOfPlay",https://play.hrytsko.com/stalled/?utm_source=x&utm_medium=warm&utm_campaign=proofofplay&utm_content=day-07-today,clips/07.mp4,day-07 today warm provisional
2026-10-06,21:00,X,en,tomorrow,07 Stalled,"Every car has a fixed number of moves. Waste them and it dies in the middle of the road.

Tomorrow on the site.
https://play.hrytsko.com/?utm_source=x&utm_medium=warm&utm_campaign=proofofplay&utm_content=day-07-tomorrow#upcoming-title
#ProofOfPlay",https://play.hrytsko.com/?utm_source=x&utm_medium=warm&utm_campaign=proofofplay&utm_content=day-07-tomorrow#upcoming-title,,day-07 tomorrow warm provisional
2026-10-07,19:00,Bluesky,en,today,07 Stalled,"Stalled — Move the cars to the exit. Each has a limited number of moves—spend them and it stalls for good.

https://play.hrytsko.com/stalled/?utm_source=bluesky&utm_medium=warm&utm_campaign=proofofplay&utm_content=day-07-today
#ProofOfPlay",https://play.hrytsko.com/stalled/?utm_source=bluesky&utm_medium=warm&utm_campaign=proofofplay&utm_content=day-07-today,clips/07.mp4,day-07 today warm provisional
2026-10-06,21:00,Bluesky,en,tomorrow,07 Stalled,"Every car has a fixed number of moves. Waste them and it dies in the middle of the road.

Tomorrow on the site.
https://play.hrytsko.com/?utm_source=bluesky&utm_medium=warm&utm_campaign=proofofplay&utm_content=day-07-tomorrow#upcoming-title
#ProofOfPlay",https://play.hrytsko.com/?utm_source=bluesky&utm_medium=warm&utm_campaign=proofofplay&utm_content=day-07-tomorrow#upcoming-title,,day-07 tomorrow warm provisional
2026-10-07,19:00,Threads,en,today,07 Stalled,"Stalled — Move the cars to the exit. Each has a limited number of moves—spend them and it stalls for good.

https://play.hrytsko.com/stalled/?utm_source=threads&utm_medium=warm&utm_campaign=proofofplay&utm_content=day-07-today
#ProofOfPlay",https://play.hrytsko.com/stalled/?utm_source=threads&utm_medium=warm&utm_campaign=proofofplay&utm_content=day-07-today,clips/07.mp4,day-07 today warm provisional
2026-10-06,21:00,Threads,en,tomorrow,07 Stalled,"Every car has a fixed number of moves. Waste them and it dies in the middle of the road.

Tomorrow on the site.
https://play.hrytsko.com/?utm_source=threads&utm_medium=warm&utm_campaign=proofofplay&utm_content=day-07-tomorrow#upcoming-title
#ProofOfPlay",https://play.hrytsko.com/?utm_source=threads&utm_medium=warm&utm_campaign=proofofplay&utm_content=day-07-tomorrow#upcoming-title,,day-07 tomorrow warm provisional
2026-10-07,19:00,LinkedIn,en,today,07 Stalled,"Stalled — Move the cars to the exit. Each has a limited number of moves—spend them and it stalls for good.

https://play.hrytsko.com/stalled/?utm_source=linkedin&utm_medium=warm&utm_campaign=proofofplay&utm_content=day-07-today
#ProofOfPlay",https://play.hrytsko.com/stalled/?utm_source=linkedin&utm_medium=warm&utm_campaign=proofofplay&utm_content=day-07-today,clips/07.mp4,day-07 today warm provisional
2026-10-06,21:00,LinkedIn,en,tomorrow,07 Stalled,"Every car has a fixed number of moves. Waste them and it dies in the middle of the road.

Tomorrow on the site.
https://play.hrytsko.com/?utm_source=linkedin&utm_medium=warm&utm_campaign=proofofplay&utm_content=day-07-tomorrow#upcoming-title
#ProofOfPlay",https://play.hrytsko.com/?utm_source=linkedin&utm_medium=warm&utm_campaign=proofofplay&utm_content=day-07-tomorrow#upcoming-title,,day-07 tomorrow warm provisional
2026-10-07,19:00,Telegram,ru,today,07 Заглохла,"Заглохла — Двигай машины к выезду, но у каждой ограничено число сдвигов — потратила все, заглохла.

https://play.hrytsko.com/stalled/?utm_source=telegram&utm_medium=warm&utm_campaign=proofofplay&utm_content=day-07-today
#ProofOfPlay",https://play.hrytsko.com/stalled/?utm_source=telegram&utm_medium=warm&utm_campaign=proofofplay&utm_content=day-07-today,clips/07.mp4,day-07 today warm provisional
2026-10-06,21:00,Telegram,ru,tomorrow,07 Заглохла,"У каждой машины конечное число сдвигов. Потратишь зря — она встанет посреди дороги.

Завтра на сайте.
https://play.hrytsko.com/?utm_source=telegram&utm_medium=warm&utm_campaign=proofofplay&utm_content=day-07-tomorrow#upcoming-title
#ProofOfPlay",https://play.hrytsko.com/?utm_source=telegram&utm_medium=warm&utm_campaign=proofofplay&utm_content=day-07-tomorrow#upcoming-title,,day-07 tomorrow warm provisional
2026-10-08,19:00,TikTok,en,today,08 Turnaround,"Turnaround — Push a block the way its arrow points. After every move, that arrow turns a quarter to the right.

https://play.hrytsko.com/turnaround/?utm_source=tiktok&utm_medium=cold&utm_campaign=proofofplay&utm_content=day-08-today
#ProofOfPlay",https://play.hrytsko.com/turnaround/?utm_source=tiktok&utm_medium=cold&utm_campaign=proofofplay&utm_content=day-08-today,clips/08.mp4,day-08 today cold provisional
2026-10-07,21:00,TikTok,en,tomorrow,08 Turnaround,"The arrow says where the block goes. Then it turns, and it's a different block now.

Tomorrow on the site.
https://play.hrytsko.com/?utm_source=tiktok&utm_medium=cold&utm_campaign=proofofplay&utm_content=day-08-tomorrow#upcoming-title
#ProofOfPlay",https://play.hrytsko.com/?utm_source=tiktok&utm_medium=cold&utm_campaign=proofofplay&utm_content=day-08-tomorrow#upcoming-title,,day-08 tomorrow cold provisional
2026-10-08,19:00,YouTube Shorts,en,today,08 Turnaround,"Turnaround — Push a block the way its arrow points. After every move, that arrow turns a quarter to the right.

https://play.hrytsko.com/turnaround/?utm_source=youtube&utm_medium=cold&utm_campaign=proofofplay&utm_content=day-08-today
#ProofOfPlay",https://play.hrytsko.com/turnaround/?utm_source=youtube&utm_medium=cold&utm_campaign=proofofplay&utm_content=day-08-today,clips/08.mp4,day-08 today cold provisional
2026-10-07,21:00,YouTube Shorts,en,tomorrow,08 Turnaround,"The arrow says where the block goes. Then it turns, and it's a different block now.

Tomorrow on the site.
https://play.hrytsko.com/?utm_source=youtube&utm_medium=cold&utm_campaign=proofofplay&utm_content=day-08-tomorrow#upcoming-title
#ProofOfPlay",https://play.hrytsko.com/?utm_source=youtube&utm_medium=cold&utm_campaign=proofofplay&utm_content=day-08-tomorrow#upcoming-title,,day-08 tomorrow cold provisional
2026-10-08,19:00,Instagram,en,today,08 Turnaround,"Turnaround — Push a block the way its arrow points. After every move, that arrow turns a quarter to the right.

https://play.hrytsko.com/turnaround/?utm_source=instagram&utm_medium=cold&utm_campaign=proofofplay&utm_content=day-08-today
#ProofOfPlay",https://play.hrytsko.com/turnaround/?utm_source=instagram&utm_medium=cold&utm_campaign=proofofplay&utm_content=day-08-today,clips/08.mp4,day-08 today cold provisional
2026-10-07,21:00,Instagram,en,tomorrow,08 Turnaround,"The arrow says where the block goes. Then it turns, and it's a different block now.

Tomorrow on the site.
https://play.hrytsko.com/?utm_source=instagram&utm_medium=cold&utm_campaign=proofofplay&utm_content=day-08-tomorrow#upcoming-title
#ProofOfPlay",https://play.hrytsko.com/?utm_source=instagram&utm_medium=cold&utm_campaign=proofofplay&utm_content=day-08-tomorrow#upcoming-title,,day-08 tomorrow cold provisional
2026-10-08,19:00,X,en,today,08 Turnaround,"Turnaround — Push a block the way its arrow points. After every move, that arrow turns a quarter to the right.

https://play.hrytsko.com/turnaround/?utm_source=x&utm_medium=warm&utm_campaign=proofofplay&utm_content=day-08-today
#ProofOfPlay",https://play.hrytsko.com/turnaround/?utm_source=x&utm_medium=warm&utm_campaign=proofofplay&utm_content=day-08-today,clips/08.mp4,day-08 today warm provisional
2026-10-07,21:00,X,en,tomorrow,08 Turnaround,"The arrow says where the block goes. Then it turns, and it's a different block now.

Tomorrow on the site.
https://play.hrytsko.com/?utm_source=x&utm_medium=warm&utm_campaign=proofofplay&utm_content=day-08-tomorrow#upcoming-title
#ProofOfPlay",https://play.hrytsko.com/?utm_source=x&utm_medium=warm&utm_campaign=proofofplay&utm_content=day-08-tomorrow#upcoming-title,,day-08 tomorrow warm provisional
2026-10-08,19:00,Bluesky,en,today,08 Turnaround,"Turnaround — Push a block the way its arrow points. After every move, that arrow turns a quarter to the right.

https://play.hrytsko.com/turnaround/?utm_source=bluesky&utm_medium=warm&utm_campaign=proofofplay&utm_content=day-08-today
#ProofOfPlay",https://play.hrytsko.com/turnaround/?utm_source=bluesky&utm_medium=warm&utm_campaign=proofofplay&utm_content=day-08-today,clips/08.mp4,day-08 today warm provisional
2026-10-07,21:00,Bluesky,en,tomorrow,08 Turnaround,"The arrow says where the block goes. Then it turns, and it's a different block now.

Tomorrow on the site.
https://play.hrytsko.com/?utm_source=bluesky&utm_medium=warm&utm_campaign=proofofplay&utm_content=day-08-tomorrow#upcoming-title
#ProofOfPlay",https://play.hrytsko.com/?utm_source=bluesky&utm_medium=warm&utm_campaign=proofofplay&utm_content=day-08-tomorrow#upcoming-title,,day-08 tomorrow warm provisional
2026-10-08,19:00,Threads,en,today,08 Turnaround,"Turnaround — Push a block the way its arrow points. After every move, that arrow turns a quarter to the right.

https://play.hrytsko.com/turnaround/?utm_source=threads&utm_medium=warm&utm_campaign=proofofplay&utm_content=day-08-today
#ProofOfPlay",https://play.hrytsko.com/turnaround/?utm_source=threads&utm_medium=warm&utm_campaign=proofofplay&utm_content=day-08-today,clips/08.mp4,day-08 today warm provisional
2026-10-07,21:00,Threads,en,tomorrow,08 Turnaround,"The arrow says where the block goes. Then it turns, and it's a different block now.

Tomorrow on the site.
https://play.hrytsko.com/?utm_source=threads&utm_medium=warm&utm_campaign=proofofplay&utm_content=day-08-tomorrow#upcoming-title
#ProofOfPlay",https://play.hrytsko.com/?utm_source=threads&utm_medium=warm&utm_campaign=proofofplay&utm_content=day-08-tomorrow#upcoming-title,,day-08 tomorrow warm provisional
2026-10-08,19:00,LinkedIn,en,today,08 Turnaround,"Turnaround — Push a block the way its arrow points. After every move, that arrow turns a quarter to the right.

https://play.hrytsko.com/turnaround/?utm_source=linkedin&utm_medium=warm&utm_campaign=proofofplay&utm_content=day-08-today
#ProofOfPlay",https://play.hrytsko.com/turnaround/?utm_source=linkedin&utm_medium=warm&utm_campaign=proofofplay&utm_content=day-08-today,clips/08.mp4,day-08 today warm provisional
2026-10-07,21:00,LinkedIn,en,tomorrow,08 Turnaround,"The arrow says where the block goes. Then it turns, and it's a different block now.

Tomorrow on the site.
https://play.hrytsko.com/?utm_source=linkedin&utm_medium=warm&utm_campaign=proofofplay&utm_content=day-08-tomorrow#upcoming-title
#ProofOfPlay",https://play.hrytsko.com/?utm_source=linkedin&utm_medium=warm&utm_campaign=proofofplay&utm_content=day-08-tomorrow#upcoming-title,,day-08 tomorrow warm provisional
2026-10-08,19:00,Telegram,ru,today,08 Разворот,"Разворот — Двигай блок по его стрелке; после каждого хода стрелка поворачивается на четверть вправо.

https://play.hrytsko.com/turnaround/?utm_source=telegram&utm_medium=warm&utm_campaign=proofofplay&utm_content=day-08-today
#ProofOfPlay",https://play.hrytsko.com/turnaround/?utm_source=telegram&utm_medium=warm&utm_campaign=proofofplay&utm_content=day-08-today,clips/08.mp4,day-08 today warm provisional
2026-10-07,21:00,Telegram,ru,tomorrow,08 Разворот,"Стрелка показывает, куда пойдёт блок. После хода она повернётся, и это уже другой блок.

Завтра на сайте.
https://play.hrytsko.com/?utm_source=telegram&utm_medium=warm&utm_campaign=proofofplay&utm_content=day-08-tomorrow#upcoming-title
#ProofOfPlay",https://play.hrytsko.com/?utm_source=telegram&utm_medium=warm&utm_campaign=proofofplay&utm_content=day-08-tomorrow#upcoming-title,,day-08 tomorrow warm provisional
2026-10-09,19:00,TikTok,en,today,09 Sprout,"Sprout — Grow a branch toward water, scoring as you go. Run out of steps and the unrooted part crumbles.

https://play.hrytsko.com/sprout/?utm_source=tiktok&utm_medium=cold&utm_campaign=proofofplay&utm_content=day-09-today
#ProofOfPlay",https://play.hrytsko.com/sprout/?utm_source=tiktok&utm_medium=cold&utm_campaign=proofofplay&utm_content=day-09-today,clips/09.mp4,day-09 today cold provisional
2026-10-08,21:00,TikTok,en,tomorrow,09 Sprout,"Points on the branch aren't yours until it reaches water.

Tomorrow on the site.
https://play.hrytsko.com/?utm_source=tiktok&utm_medium=cold&utm_campaign=proofofplay&utm_content=day-09-tomorrow#upcoming-title
#ProofOfPlay",https://play.hrytsko.com/?utm_source=tiktok&utm_medium=cold&utm_campaign=proofofplay&utm_content=day-09-tomorrow#upcoming-title,,day-09 tomorrow cold provisional
2026-10-09,19:00,YouTube Shorts,en,today,09 Sprout,"Sprout — Grow a branch toward water, scoring as you go. Run out of steps and the unrooted part crumbles.

https://play.hrytsko.com/sprout/?utm_source=youtube&utm_medium=cold&utm_campaign=proofofplay&utm_content=day-09-today
#ProofOfPlay",https://play.hrytsko.com/sprout/?utm_source=youtube&utm_medium=cold&utm_campaign=proofofplay&utm_content=day-09-today,clips/09.mp4,day-09 today cold provisional
2026-10-08,21:00,YouTube Shorts,en,tomorrow,09 Sprout,"Points on the branch aren't yours until it reaches water.

Tomorrow on the site.
https://play.hrytsko.com/?utm_source=youtube&utm_medium=cold&utm_campaign=proofofplay&utm_content=day-09-tomorrow#upcoming-title
#ProofOfPlay",https://play.hrytsko.com/?utm_source=youtube&utm_medium=cold&utm_campaign=proofofplay&utm_content=day-09-tomorrow#upcoming-title,,day-09 tomorrow cold provisional
2026-10-09,19:00,Instagram,en,today,09 Sprout,"Sprout — Grow a branch toward water, scoring as you go. Run out of steps and the unrooted part crumbles.

https://play.hrytsko.com/sprout/?utm_source=instagram&utm_medium=cold&utm_campaign=proofofplay&utm_content=day-09-today
#ProofOfPlay",https://play.hrytsko.com/sprout/?utm_source=instagram&utm_medium=cold&utm_campaign=proofofplay&utm_content=day-09-today,clips/09.mp4,day-09 today cold provisional
2026-10-08,21:00,Instagram,en,tomorrow,09 Sprout,"Points on the branch aren't yours until it reaches water.

Tomorrow on the site.
https://play.hrytsko.com/?utm_source=instagram&utm_medium=cold&utm_campaign=proofofplay&utm_content=day-09-tomorrow#upcoming-title
#ProofOfPlay",https://play.hrytsko.com/?utm_source=instagram&utm_medium=cold&utm_campaign=proofofplay&utm_content=day-09-tomorrow#upcoming-title,,day-09 tomorrow cold provisional
2026-10-09,19:00,X,en,today,09 Sprout,"Sprout — Grow a branch toward water, scoring as you go. Run out of steps and the unrooted part crumbles.

https://play.hrytsko.com/sprout/?utm_source=x&utm_medium=warm&utm_campaign=proofofplay&utm_content=day-09-today
#ProofOfPlay",https://play.hrytsko.com/sprout/?utm_source=x&utm_medium=warm&utm_campaign=proofofplay&utm_content=day-09-today,clips/09.mp4,day-09 today warm provisional
2026-10-08,21:00,X,en,tomorrow,09 Sprout,"Points on the branch aren't yours until it reaches water.

Tomorrow on the site.
https://play.hrytsko.com/?utm_source=x&utm_medium=warm&utm_campaign=proofofplay&utm_content=day-09-tomorrow#upcoming-title
#ProofOfPlay",https://play.hrytsko.com/?utm_source=x&utm_medium=warm&utm_campaign=proofofplay&utm_content=day-09-tomorrow#upcoming-title,,day-09 tomorrow warm provisional
2026-10-09,19:00,Bluesky,en,today,09 Sprout,"Sprout — Grow a branch toward water, scoring as you go. Run out of steps and the unrooted part crumbles.

https://play.hrytsko.com/sprout/?utm_source=bluesky&utm_medium=warm&utm_campaign=proofofplay&utm_content=day-09-today
#ProofOfPlay",https://play.hrytsko.com/sprout/?utm_source=bluesky&utm_medium=warm&utm_campaign=proofofplay&utm_content=day-09-today,clips/09.mp4,day-09 today warm provisional
2026-10-08,21:00,Bluesky,en,tomorrow,09 Sprout,"Points on the branch aren't yours until it reaches water.

Tomorrow on the site.
https://play.hrytsko.com/?utm_source=bluesky&utm_medium=warm&utm_campaign=proofofplay&utm_content=day-09-tomorrow#upcoming-title
#ProofOfPlay",https://play.hrytsko.com/?utm_source=bluesky&utm_medium=warm&utm_campaign=proofofplay&utm_content=day-09-tomorrow#upcoming-title,,day-09 tomorrow warm provisional
2026-10-09,19:00,Threads,en,today,09 Sprout,"Sprout — Grow a branch toward water, scoring as you go. Run out of steps and the unrooted part crumbles.

https://play.hrytsko.com/sprout/?utm_source=threads&utm_medium=warm&utm_campaign=proofofplay&utm_content=day-09-today
#ProofOfPlay",https://play.hrytsko.com/sprout/?utm_source=threads&utm_medium=warm&utm_campaign=proofofplay&utm_content=day-09-today,clips/09.mp4,day-09 today warm provisional
2026-10-08,21:00,Threads,en,tomorrow,09 Sprout,"Points on the branch aren't yours until it reaches water.

Tomorrow on the site.
https://play.hrytsko.com/?utm_source=threads&utm_medium=warm&utm_campaign=proofofplay&utm_content=day-09-tomorrow#upcoming-title
#ProofOfPlay",https://play.hrytsko.com/?utm_source=threads&utm_medium=warm&utm_campaign=proofofplay&utm_content=day-09-tomorrow#upcoming-title,,day-09 tomorrow warm provisional
2026-10-09,19:00,LinkedIn,en,today,09 Sprout,"Sprout — Grow a branch toward water, scoring as you go. Run out of steps and the unrooted part crumbles.

https://play.hrytsko.com/sprout/?utm_source=linkedin&utm_medium=warm&utm_campaign=proofofplay&utm_content=day-09-today
#ProofOfPlay",https://play.hrytsko.com/sprout/?utm_source=linkedin&utm_medium=warm&utm_campaign=proofofplay&utm_content=day-09-today,clips/09.mp4,day-09 today warm provisional
2026-10-08,21:00,LinkedIn,en,tomorrow,09 Sprout,"Points on the branch aren't yours until it reaches water.

Tomorrow on the site.
https://play.hrytsko.com/?utm_source=linkedin&utm_medium=warm&utm_campaign=proofofplay&utm_content=day-09-tomorrow#upcoming-title
#ProofOfPlay",https://play.hrytsko.com/?utm_source=linkedin&utm_medium=warm&utm_campaign=proofofplay&utm_content=day-09-tomorrow#upcoming-title,,day-09 tomorrow warm provisional
2026-10-09,19:00,Telegram,ru,today,09 Отросток,"Отросток — Веди ветку к воде, собирай очки; если закончатся шаги, незакреплённая ветка осыплется.

https://play.hrytsko.com/sprout/?utm_source=telegram&utm_medium=warm&utm_campaign=proofofplay&utm_content=day-09-today
#ProofOfPlay",https://play.hrytsko.com/sprout/?utm_source=telegram&utm_medium=warm&utm_campaign=proofofplay&utm_content=day-09-today,clips/09.mp4,day-09 today warm provisional
2026-10-08,21:00,Telegram,ru,tomorrow,09 Отросток,"Очки на ветке не твои, пока она не дошла до воды.

Завтра на сайте.
https://play.hrytsko.com/?utm_source=telegram&utm_medium=warm&utm_campaign=proofofplay&utm_content=day-09-tomorrow#upcoming-title
#ProofOfPlay",https://play.hrytsko.com/?utm_source=telegram&utm_medium=warm&utm_campaign=proofofplay&utm_content=day-09-tomorrow#upcoming-title,,day-09 tomorrow warm provisional
2026-10-10,19:00,TikTok,en,today,10 Leak,"Leak — Turn the pipes while the water runs. Every move you make pushes it one tile further.

https://play.hrytsko.com/flows/?utm_source=tiktok&utm_medium=cold&utm_campaign=proofofplay&utm_content=day-10-today
#ProofOfPlay",https://play.hrytsko.com/flows/?utm_source=tiktok&utm_medium=cold&utm_campaign=proofofplay&utm_content=day-10-today,clips/10.mp4,day-10 today cold provisional
2026-10-09,21:00,TikTok,en,tomorrow,10 Leak,"The water doesn't wait. Every turn you take moves it one tile closer.

Tomorrow on the site.
https://play.hrytsko.com/?utm_source=tiktok&utm_medium=cold&utm_campaign=proofofplay&utm_content=day-10-tomorrow#upcoming-title
#ProofOfPlay",https://play.hrytsko.com/?utm_source=tiktok&utm_medium=cold&utm_campaign=proofofplay&utm_content=day-10-tomorrow#upcoming-title,,day-10 tomorrow cold provisional
2026-10-10,19:00,YouTube Shorts,en,today,10 Leak,"Leak — Turn the pipes while the water runs. Every move you make pushes it one tile further.

https://play.hrytsko.com/flows/?utm_source=youtube&utm_medium=cold&utm_campaign=proofofplay&utm_content=day-10-today
#ProofOfPlay",https://play.hrytsko.com/flows/?utm_source=youtube&utm_medium=cold&utm_campaign=proofofplay&utm_content=day-10-today,clips/10.mp4,day-10 today cold provisional
2026-10-09,21:00,YouTube Shorts,en,tomorrow,10 Leak,"The water doesn't wait. Every turn you take moves it one tile closer.

Tomorrow on the site.
https://play.hrytsko.com/?utm_source=youtube&utm_medium=cold&utm_campaign=proofofplay&utm_content=day-10-tomorrow#upcoming-title
#ProofOfPlay",https://play.hrytsko.com/?utm_source=youtube&utm_medium=cold&utm_campaign=proofofplay&utm_content=day-10-tomorrow#upcoming-title,,day-10 tomorrow cold provisional
2026-10-10,19:00,Instagram,en,today,10 Leak,"Leak — Turn the pipes while the water runs. Every move you make pushes it one tile further.

https://play.hrytsko.com/flows/?utm_source=instagram&utm_medium=cold&utm_campaign=proofofplay&utm_content=day-10-today
#ProofOfPlay",https://play.hrytsko.com/flows/?utm_source=instagram&utm_medium=cold&utm_campaign=proofofplay&utm_content=day-10-today,clips/10.mp4,day-10 today cold provisional
2026-10-09,21:00,Instagram,en,tomorrow,10 Leak,"The water doesn't wait. Every turn you take moves it one tile closer.

Tomorrow on the site.
https://play.hrytsko.com/?utm_source=instagram&utm_medium=cold&utm_campaign=proofofplay&utm_content=day-10-tomorrow#upcoming-title
#ProofOfPlay",https://play.hrytsko.com/?utm_source=instagram&utm_medium=cold&utm_campaign=proofofplay&utm_content=day-10-tomorrow#upcoming-title,,day-10 tomorrow cold provisional
2026-10-10,19:00,X,en,today,10 Leak,"Leak — Turn the pipes while the water runs. Every move you make pushes it one tile further.

https://play.hrytsko.com/flows/?utm_source=x&utm_medium=warm&utm_campaign=proofofplay&utm_content=day-10-today
#ProofOfPlay",https://play.hrytsko.com/flows/?utm_source=x&utm_medium=warm&utm_campaign=proofofplay&utm_content=day-10-today,clips/10.mp4,day-10 today warm provisional
2026-10-09,21:00,X,en,tomorrow,10 Leak,"The water doesn't wait. Every turn you take moves it one tile closer.

Tomorrow on the site.
https://play.hrytsko.com/?utm_source=x&utm_medium=warm&utm_campaign=proofofplay&utm_content=day-10-tomorrow#upcoming-title
#ProofOfPlay",https://play.hrytsko.com/?utm_source=x&utm_medium=warm&utm_campaign=proofofplay&utm_content=day-10-tomorrow#upcoming-title,,day-10 tomorrow warm provisional
2026-10-10,19:00,Bluesky,en,today,10 Leak,"Leak — Turn the pipes while the water runs. Every move you make pushes it one tile further.

https://play.hrytsko.com/flows/?utm_source=bluesky&utm_medium=warm&utm_campaign=proofofplay&utm_content=day-10-today
#ProofOfPlay",https://play.hrytsko.com/flows/?utm_source=bluesky&utm_medium=warm&utm_campaign=proofofplay&utm_content=day-10-today,clips/10.mp4,day-10 today warm provisional
2026-10-09,21:00,Bluesky,en,tomorrow,10 Leak,"The water doesn't wait. Every turn you take moves it one tile closer.

Tomorrow on the site.
https://play.hrytsko.com/?utm_source=bluesky&utm_medium=warm&utm_campaign=proofofplay&utm_content=day-10-tomorrow#upcoming-title
#ProofOfPlay",https://play.hrytsko.com/?utm_source=bluesky&utm_medium=warm&utm_campaign=proofofplay&utm_content=day-10-tomorrow#upcoming-title,,day-10 tomorrow warm provisional
2026-10-10,19:00,Threads,en,today,10 Leak,"Leak — Turn the pipes while the water runs. Every move you make pushes it one tile further.

https://play.hrytsko.com/flows/?utm_source=threads&utm_medium=warm&utm_campaign=proofofplay&utm_content=day-10-today
#ProofOfPlay",https://play.hrytsko.com/flows/?utm_source=threads&utm_medium=warm&utm_campaign=proofofplay&utm_content=day-10-today,clips/10.mp4,day-10 today warm provisional
2026-10-09,21:00,Threads,en,tomorrow,10 Leak,"The water doesn't wait. Every turn you take moves it one tile closer.

Tomorrow on the site.
https://play.hrytsko.com/?utm_source=threads&utm_medium=warm&utm_campaign=proofofplay&utm_content=day-10-tomorrow#upcoming-title
#ProofOfPlay",https://play.hrytsko.com/?utm_source=threads&utm_medium=warm&utm_campaign=proofofplay&utm_content=day-10-tomorrow#upcoming-title,,day-10 tomorrow warm provisional
2026-10-10,19:00,LinkedIn,en,today,10 Leak,"Leak — Turn the pipes while the water runs. Every move you make pushes it one tile further.

https://play.hrytsko.com/flows/?utm_source=linkedin&utm_medium=warm&utm_campaign=proofofplay&utm_content=day-10-today
#ProofOfPlay",https://play.hrytsko.com/flows/?utm_source=linkedin&utm_medium=warm&utm_campaign=proofofplay&utm_content=day-10-today,clips/10.mp4,day-10 today warm provisional
2026-10-09,21:00,LinkedIn,en,tomorrow,10 Leak,"The water doesn't wait. Every turn you take moves it one tile closer.

Tomorrow on the site.
https://play.hrytsko.com/?utm_source=linkedin&utm_medium=warm&utm_campaign=proofofplay&utm_content=day-10-tomorrow#upcoming-title
#ProofOfPlay",https://play.hrytsko.com/?utm_source=linkedin&utm_medium=warm&utm_campaign=proofofplay&utm_content=day-10-tomorrow#upcoming-title,,day-10 tomorrow warm provisional
2026-10-10,19:00,Telegram,ru,today,10 Течёт,"Течёт — Поворачивай трубы до прихода воды: после каждого хода вода продвигается на одну клетку.

https://play.hrytsko.com/flows/?utm_source=telegram&utm_medium=warm&utm_campaign=proofofplay&utm_content=day-10-today
#ProofOfPlay",https://play.hrytsko.com/flows/?utm_source=telegram&utm_medium=warm&utm_campaign=proofofplay&utm_content=day-10-today,clips/10.mp4,day-10 today warm provisional
2026-10-09,21:00,Telegram,ru,tomorrow,10 Течёт,"Вода не ждёт. Каждый твой поворот продвигает её на клетку вперёд.

Завтра на сайте.
https://play.hrytsko.com/?utm_source=telegram&utm_medium=warm&utm_campaign=proofofplay&utm_content=day-10-tomorrow#upcoming-title
#ProofOfPlay",https://play.hrytsko.com/?utm_source=telegram&utm_medium=warm&utm_campaign=proofofplay&utm_content=day-10-tomorrow#upcoming-title,,day-10 tomorrow warm provisional
2026-10-11,19:00,TikTok,en,today,11 Burning Land,"Burning Land — One wall per move, then the fire spreads. You can't save everything—pick what you're defending.

https://play.hrytsko.com/burning-land/?utm_source=tiktok&utm_medium=cold&utm_campaign=proofofplay&utm_content=day-11-today
#ProofOfPlay",https://play.hrytsko.com/burning-land/?utm_source=tiktok&utm_medium=cold&utm_campaign=proofofplay&utm_content=day-11-today,clips/11.mp4,day-11 today cold provisional
2026-10-10,21:00,TikTok,en,tomorrow,11 Burning Land,"One wall per move. The fire grows faster than that.

Tomorrow on the site.
https://play.hrytsko.com/?utm_source=tiktok&utm_medium=cold&utm_campaign=proofofplay&utm_content=day-11-tomorrow#upcoming-title
#ProofOfPlay",https://play.hrytsko.com/?utm_source=tiktok&utm_medium=cold&utm_campaign=proofofplay&utm_content=day-11-tomorrow#upcoming-title,,day-11 tomorrow cold provisional
2026-10-11,19:00,YouTube Shorts,en,today,11 Burning Land,"Burning Land — One wall per move, then the fire spreads. You can't save everything—pick what you're defending.

https://play.hrytsko.com/burning-land/?utm_source=youtube&utm_medium=cold&utm_campaign=proofofplay&utm_content=day-11-today
#ProofOfPlay",https://play.hrytsko.com/burning-land/?utm_source=youtube&utm_medium=cold&utm_campaign=proofofplay&utm_content=day-11-today,clips/11.mp4,day-11 today cold provisional
2026-10-10,21:00,YouTube Shorts,en,tomorrow,11 Burning Land,"One wall per move. The fire grows faster than that.

Tomorrow on the site.
https://play.hrytsko.com/?utm_source=youtube&utm_medium=cold&utm_campaign=proofofplay&utm_content=day-11-tomorrow#upcoming-title
#ProofOfPlay",https://play.hrytsko.com/?utm_source=youtube&utm_medium=cold&utm_campaign=proofofplay&utm_content=day-11-tomorrow#upcoming-title,,day-11 tomorrow cold provisional
2026-10-11,19:00,Instagram,en,today,11 Burning Land,"Burning Land — One wall per move, then the fire spreads. You can't save everything—pick what you're defending.

https://play.hrytsko.com/burning-land/?utm_source=instagram&utm_medium=cold&utm_campaign=proofofplay&utm_content=day-11-today
#ProofOfPlay",https://play.hrytsko.com/burning-land/?utm_source=instagram&utm_medium=cold&utm_campaign=proofofplay&utm_content=day-11-today,clips/11.mp4,day-11 today cold provisional
2026-10-10,21:00,Instagram,en,tomorrow,11 Burning Land,"One wall per move. The fire grows faster than that.

Tomorrow on the site.
https://play.hrytsko.com/?utm_source=instagram&utm_medium=cold&utm_campaign=proofofplay&utm_content=day-11-tomorrow#upcoming-title
#ProofOfPlay",https://play.hrytsko.com/?utm_source=instagram&utm_medium=cold&utm_campaign=proofofplay&utm_content=day-11-tomorrow#upcoming-title,,day-11 tomorrow cold provisional
2026-10-11,19:00,X,en,today,11 Burning Land,"Burning Land — One wall per move, then the fire spreads. You can't save everything—pick what you're defending.

https://play.hrytsko.com/burning-land/?utm_source=x&utm_medium=warm&utm_campaign=proofofplay&utm_content=day-11-today
#ProofOfPlay",https://play.hrytsko.com/burning-land/?utm_source=x&utm_medium=warm&utm_campaign=proofofplay&utm_content=day-11-today,clips/11.mp4,day-11 today warm provisional
2026-10-10,21:00,X,en,tomorrow,11 Burning Land,"One wall per move. The fire grows faster than that.

Tomorrow on the site.
https://play.hrytsko.com/?utm_source=x&utm_medium=warm&utm_campaign=proofofplay&utm_content=day-11-tomorrow#upcoming-title
#ProofOfPlay",https://play.hrytsko.com/?utm_source=x&utm_medium=warm&utm_campaign=proofofplay&utm_content=day-11-tomorrow#upcoming-title,,day-11 tomorrow warm provisional
2026-10-11,19:00,Bluesky,en,today,11 Burning Land,"Burning Land — One wall per move, then the fire spreads. You can't save everything—pick what you're defending.

https://play.hrytsko.com/burning-land/?utm_source=bluesky&utm_medium=warm&utm_campaign=proofofplay&utm_content=day-11-today
#ProofOfPlay",https://play.hrytsko.com/burning-land/?utm_source=bluesky&utm_medium=warm&utm_campaign=proofofplay&utm_content=day-11-today,clips/11.mp4,day-11 today warm provisional
2026-10-10,21:00,Bluesky,en,tomorrow,11 Burning Land,"One wall per move. The fire grows faster than that.

Tomorrow on the site.
https://play.hrytsko.com/?utm_source=bluesky&utm_medium=warm&utm_campaign=proofofplay&utm_content=day-11-tomorrow#upcoming-title
#ProofOfPlay",https://play.hrytsko.com/?utm_source=bluesky&utm_medium=warm&utm_campaign=proofofplay&utm_content=day-11-tomorrow#upcoming-title,,day-11 tomorrow warm provisional
2026-10-11,19:00,Threads,en,today,11 Burning Land,"Burning Land — One wall per move, then the fire spreads. You can't save everything—pick what you're defending.

https://play.hrytsko.com/burning-land/?utm_source=threads&utm_medium=warm&utm_campaign=proofofplay&utm_content=day-11-today
#ProofOfPlay",https://play.hrytsko.com/burning-land/?utm_source=threads&utm_medium=warm&utm_campaign=proofofplay&utm_content=day-11-today,clips/11.mp4,day-11 today warm provisional
2026-10-10,21:00,Threads,en,tomorrow,11 Burning Land,"One wall per move. The fire grows faster than that.

Tomorrow on the site.
https://play.hrytsko.com/?utm_source=threads&utm_medium=warm&utm_campaign=proofofplay&utm_content=day-11-tomorrow#upcoming-title
#ProofOfPlay",https://play.hrytsko.com/?utm_source=threads&utm_medium=warm&utm_campaign=proofofplay&utm_content=day-11-tomorrow#upcoming-title,,day-11 tomorrow warm provisional
2026-10-11,19:00,LinkedIn,en,today,11 Burning Land,"Burning Land — One wall per move, then the fire spreads. You can't save everything—pick what you're defending.

https://play.hrytsko.com/burning-land/?utm_source=linkedin&utm_medium=warm&utm_campaign=proofofplay&utm_content=day-11-today
#ProofOfPlay",https://play.hrytsko.com/burning-land/?utm_source=linkedin&utm_medium=warm&utm_campaign=proofofplay&utm_content=day-11-today,clips/11.mp4,day-11 today warm provisional
2026-10-10,21:00,LinkedIn,en,tomorrow,11 Burning Land,"One wall per move. The fire grows faster than that.

Tomorrow on the site.
https://play.hrytsko.com/?utm_source=linkedin&utm_medium=warm&utm_campaign=proofofplay&utm_content=day-11-tomorrow#upcoming-title
#ProofOfPlay",https://play.hrytsko.com/?utm_source=linkedin&utm_medium=warm&utm_campaign=proofofplay&utm_content=day-11-tomorrow#upcoming-title,,day-11 tomorrow warm provisional
2026-10-11,19:00,Telegram,ru,today,11 Burning Land,"Burning Land — Каждый ход ставь стену, потом огонь расширится; спаси нужную ценность.

https://play.hrytsko.com/burning-land/?utm_source=telegram&utm_medium=warm&utm_campaign=proofofplay&utm_content=day-11-today
#ProofOfPlay",https://play.hrytsko.com/burning-land/?utm_source=telegram&utm_medium=warm&utm_campaign=proofofplay&utm_content=day-11-today,clips/11.mp4,day-11 today warm provisional
2026-10-10,21:00,Telegram,ru,tomorrow,11 Burning Land,"Одна стена за ход, огонь растёт быстрее. Спасти всё не выйдет.

Завтра на сайте.
https://play.hrytsko.com/?utm_source=telegram&utm_medium=warm&utm_campaign=proofofplay&utm_content=day-11-tomorrow#upcoming-title
#ProofOfPlay",https://play.hrytsko.com/?utm_source=telegram&utm_medium=warm&utm_campaign=proofofplay&utm_content=day-11-tomorrow#upcoming-title,,day-11 tomorrow warm provisional
2026-10-12,19:00,TikTok,en,today,12 Coin per Turn,"Coin per Turn — Place the pieces. Every rotation costs a coin, and the whole level gives you ten.

https://play.hrytsko.com/coin-turn/?utm_source=tiktok&utm_medium=cold&utm_campaign=proofofplay&utm_content=day-12-today
#ProofOfPlay",https://play.hrytsko.com/coin-turn/?utm_source=tiktok&utm_medium=cold&utm_campaign=proofofplay&utm_content=day-12-today,clips/12.mp4,day-12 today cold provisional
2026-10-11,21:00,TikTok,en,tomorrow,12 Coin per Turn,"You can always rotate the piece. You just have ten coins for the entire level.

Tomorrow on the site.
https://play.hrytsko.com/?utm_source=tiktok&utm_medium=cold&utm_campaign=proofofplay&utm_content=day-12-tomorrow#upcoming-title
#ProofOfPlay",https://play.hrytsko.com/?utm_source=tiktok&utm_medium=cold&utm_campaign=proofofplay&utm_content=day-12-tomorrow#upcoming-title,,day-12 tomorrow cold provisional
2026-10-12,19:00,YouTube Shorts,en,today,12 Coin per Turn,"Coin per Turn — Place the pieces. Every rotation costs a coin, and the whole level gives you ten.

https://play.hrytsko.com/coin-turn/?utm_source=youtube&utm_medium=cold&utm_campaign=proofofplay&utm_content=day-12-today
#ProofOfPlay",https://play.hrytsko.com/coin-turn/?utm_source=youtube&utm_medium=cold&utm_campaign=proofofplay&utm_content=day-12-today,clips/12.mp4,day-12 today cold provisional
2026-10-11,21:00,YouTube Shorts,en,tomorrow,12 Coin per Turn,"You can always rotate the piece. You just have ten coins for the entire level.

Tomorrow on the site.
https://play.hrytsko.com/?utm_source=youtube&utm_medium=cold&utm_campaign=proofofplay&utm_content=day-12-tomorrow#upcoming-title
#ProofOfPlay",https://play.hrytsko.com/?utm_source=youtube&utm_medium=cold&utm_campaign=proofofplay&utm_content=day-12-tomorrow#upcoming-title,,day-12 tomorrow cold provisional
2026-10-12,19:00,Instagram,en,today,12 Coin per Turn,"Coin per Turn — Place the pieces. Every rotation costs a coin, and the whole level gives you ten.

https://play.hrytsko.com/coin-turn/?utm_source=instagram&utm_medium=cold&utm_campaign=proofofplay&utm_content=day-12-today
#ProofOfPlay",https://play.hrytsko.com/coin-turn/?utm_source=instagram&utm_medium=cold&utm_campaign=proofofplay&utm_content=day-12-today,clips/12.mp4,day-12 today cold provisional
2026-10-11,21:00,Instagram,en,tomorrow,12 Coin per Turn,"You can always rotate the piece. You just have ten coins for the entire level.

Tomorrow on the site.
https://play.hrytsko.com/?utm_source=instagram&utm_medium=cold&utm_campaign=proofofplay&utm_content=day-12-tomorrow#upcoming-title
#ProofOfPlay",https://play.hrytsko.com/?utm_source=instagram&utm_medium=cold&utm_campaign=proofofplay&utm_content=day-12-tomorrow#upcoming-title,,day-12 tomorrow cold provisional
2026-10-12,19:00,X,en,today,12 Coin per Turn,"Coin per Turn — Place the pieces. Every rotation costs a coin, and the whole level gives you ten.

https://play.hrytsko.com/coin-turn/?utm_source=x&utm_medium=warm&utm_campaign=proofofplay&utm_content=day-12-today
#ProofOfPlay",https://play.hrytsko.com/coin-turn/?utm_source=x&utm_medium=warm&utm_campaign=proofofplay&utm_content=day-12-today,clips/12.mp4,day-12 today warm provisional
2026-10-11,21:00,X,en,tomorrow,12 Coin per Turn,"You can always rotate the piece. You just have ten coins for the entire level.

Tomorrow on the site.
https://play.hrytsko.com/?utm_source=x&utm_medium=warm&utm_campaign=proofofplay&utm_content=day-12-tomorrow#upcoming-title
#ProofOfPlay",https://play.hrytsko.com/?utm_source=x&utm_medium=warm&utm_campaign=proofofplay&utm_content=day-12-tomorrow#upcoming-title,,day-12 tomorrow warm provisional
2026-10-12,19:00,Bluesky,en,today,12 Coin per Turn,"Coin per Turn — Place the pieces. Every rotation costs a coin, and the whole level gives you ten.

https://play.hrytsko.com/coin-turn/?utm_source=bluesky&utm_medium=warm&utm_campaign=proofofplay&utm_content=day-12-today
#ProofOfPlay",https://play.hrytsko.com/coin-turn/?utm_source=bluesky&utm_medium=warm&utm_campaign=proofofplay&utm_content=day-12-today,clips/12.mp4,day-12 today warm provisional
2026-10-11,21:00,Bluesky,en,tomorrow,12 Coin per Turn,"You can always rotate the piece. You just have ten coins for the entire level.

Tomorrow on the site.
https://play.hrytsko.com/?utm_source=bluesky&utm_medium=warm&utm_campaign=proofofplay&utm_content=day-12-tomorrow#upcoming-title
#ProofOfPlay",https://play.hrytsko.com/?utm_source=bluesky&utm_medium=warm&utm_campaign=proofofplay&utm_content=day-12-tomorrow#upcoming-title,,day-12 tomorrow warm provisional
2026-10-12,19:00,Threads,en,today,12 Coin per Turn,"Coin per Turn — Place the pieces. Every rotation costs a coin, and the whole level gives you ten.

https://play.hrytsko.com/coin-turn/?utm_source=threads&utm_medium=warm&utm_campaign=proofofplay&utm_content=day-12-today
#ProofOfPlay",https://play.hrytsko.com/coin-turn/?utm_source=threads&utm_medium=warm&utm_campaign=proofofplay&utm_content=day-12-today,clips/12.mp4,day-12 today warm provisional
2026-10-11,21:00,Threads,en,tomorrow,12 Coin per Turn,"You can always rotate the piece. You just have ten coins for the entire level.

Tomorrow on the site.
https://play.hrytsko.com/?utm_source=threads&utm_medium=warm&utm_campaign=proofofplay&utm_content=day-12-tomorrow#upcoming-title
#ProofOfPlay",https://play.hrytsko.com/?utm_source=threads&utm_medium=warm&utm_campaign=proofofplay&utm_content=day-12-tomorrow#upcoming-title,,day-12 tomorrow warm provisional
2026-10-12,19:00,LinkedIn,en,today,12 Coin per Turn,"Coin per Turn — Place the pieces. Every rotation costs a coin, and the whole level gives you ten.

https://play.hrytsko.com/coin-turn/?utm_source=linkedin&utm_medium=warm&utm_campaign=proofofplay&utm_content=day-12-today
#ProofOfPlay",https://play.hrytsko.com/coin-turn/?utm_source=linkedin&utm_medium=warm&utm_campaign=proofofplay&utm_content=day-12-today,clips/12.mp4,day-12 today warm provisional
2026-10-11,21:00,LinkedIn,en,tomorrow,12 Coin per Turn,"You can always rotate the piece. You just have ten coins for the entire level.

Tomorrow on the site.
https://play.hrytsko.com/?utm_source=linkedin&utm_medium=warm&utm_campaign=proofofplay&utm_content=day-12-tomorrow#upcoming-title
#ProofOfPlay",https://play.hrytsko.com/?utm_source=linkedin&utm_medium=warm&utm_campaign=proofofplay&utm_content=day-12-tomorrow#upcoming-title,,day-12 tomorrow warm provisional
2026-10-12,19:00,Telegram,ru,today,12 Монета за поворот,"Монета за поворот — Клади фигуры на поле; каждый поворот стоит монету, а монет на весь уровень только десять.

https://play.hrytsko.com/coin-turn/?utm_source=telegram&utm_medium=warm&utm_campaign=proofofplay&utm_content=day-12-today
#ProofOfPlay",https://play.hrytsko.com/coin-turn/?utm_source=telegram&utm_medium=warm&utm_campaign=proofofplay&utm_content=day-12-today,clips/12.mp4,day-12 today warm provisional
2026-10-11,21:00,Telegram,ru,tomorrow,12 Монета за поворот,"Повернуть фигуру можно всегда. Вопрос в том, что монет только десять.

Завтра на сайте.
https://play.hrytsko.com/?utm_source=telegram&utm_medium=warm&utm_campaign=proofofplay&utm_content=day-12-tomorrow#upcoming-title
#ProofOfPlay",https://play.hrytsko.com/?utm_source=telegram&utm_medium=warm&utm_campaign=proofofplay&utm_content=day-12-tomorrow#upcoming-title,,day-12 tomorrow warm provisional
2026-10-13,19:00,TikTok,en,today,13 Top Layer,"Top Layer — Tap two matching uncovered tiles: they merge and reveal whatever was underneath.

https://play.hrytsko.com/top-layer/?utm_source=tiktok&utm_medium=cold&utm_campaign=proofofplay&utm_content=day-13-today
#ProofOfPlay",https://play.hrytsko.com/top-layer/?utm_source=tiktok&utm_medium=cold&utm_campaign=proofofplay&utm_content=day-13-today,clips/13.mp4,day-13 today cold provisional
2026-10-12,21:00,TikTok,en,tomorrow,13 Top Layer,"Every pair you clear opens the layer below. You find out what's there by clearing it.

Tomorrow on the site.
https://play.hrytsko.com/?utm_source=tiktok&utm_medium=cold&utm_campaign=proofofplay&utm_content=day-13-tomorrow#upcoming-title
#ProofOfPlay",https://play.hrytsko.com/?utm_source=tiktok&utm_medium=cold&utm_campaign=proofofplay&utm_content=day-13-tomorrow#upcoming-title,,day-13 tomorrow cold provisional
2026-10-13,19:00,YouTube Shorts,en,today,13 Top Layer,"Top Layer — Tap two matching uncovered tiles: they merge and reveal whatever was underneath.

https://play.hrytsko.com/top-layer/?utm_source=youtube&utm_medium=cold&utm_campaign=proofofplay&utm_content=day-13-today
#ProofOfPlay",https://play.hrytsko.com/top-layer/?utm_source=youtube&utm_medium=cold&utm_campaign=proofofplay&utm_content=day-13-today,clips/13.mp4,day-13 today cold provisional
2026-10-12,21:00,YouTube Shorts,en,tomorrow,13 Top Layer,"Every pair you clear opens the layer below. You find out what's there by clearing it.

Tomorrow on the site.
https://play.hrytsko.com/?utm_source=youtube&utm_medium=cold&utm_campaign=proofofplay&utm_content=day-13-tomorrow#upcoming-title
#ProofOfPlay",https://play.hrytsko.com/?utm_source=youtube&utm_medium=cold&utm_campaign=proofofplay&utm_content=day-13-tomorrow#upcoming-title,,day-13 tomorrow cold provisional
2026-10-13,19:00,Instagram,en,today,13 Top Layer,"Top Layer — Tap two matching uncovered tiles: they merge and reveal whatever was underneath.

https://play.hrytsko.com/top-layer/?utm_source=instagram&utm_medium=cold&utm_campaign=proofofplay&utm_content=day-13-today
#ProofOfPlay",https://play.hrytsko.com/top-layer/?utm_source=instagram&utm_medium=cold&utm_campaign=proofofplay&utm_content=day-13-today,clips/13.mp4,day-13 today cold provisional
2026-10-12,21:00,Instagram,en,tomorrow,13 Top Layer,"Every pair you clear opens the layer below. You find out what's there by clearing it.

Tomorrow on the site.
https://play.hrytsko.com/?utm_source=instagram&utm_medium=cold&utm_campaign=proofofplay&utm_content=day-13-tomorrow#upcoming-title
#ProofOfPlay",https://play.hrytsko.com/?utm_source=instagram&utm_medium=cold&utm_campaign=proofofplay&utm_content=day-13-tomorrow#upcoming-title,,day-13 tomorrow cold provisional
2026-10-13,19:00,X,en,today,13 Top Layer,"Top Layer — Tap two matching uncovered tiles: they merge and reveal whatever was underneath.

https://play.hrytsko.com/top-layer/?utm_source=x&utm_medium=warm&utm_campaign=proofofplay&utm_content=day-13-today
#ProofOfPlay",https://play.hrytsko.com/top-layer/?utm_source=x&utm_medium=warm&utm_campaign=proofofplay&utm_content=day-13-today,clips/13.mp4,day-13 today warm provisional
2026-10-12,21:00,X,en,tomorrow,13 Top Layer,"Every pair you clear opens the layer below. You find out what's there by clearing it.

Tomorrow on the site.
https://play.hrytsko.com/?utm_source=x&utm_medium=warm&utm_campaign=proofofplay&utm_content=day-13-tomorrow#upcoming-title
#ProofOfPlay",https://play.hrytsko.com/?utm_source=x&utm_medium=warm&utm_campaign=proofofplay&utm_content=day-13-tomorrow#upcoming-title,,day-13 tomorrow warm provisional
2026-10-13,19:00,Bluesky,en,today,13 Top Layer,"Top Layer — Tap two matching uncovered tiles: they merge and reveal whatever was underneath.

https://play.hrytsko.com/top-layer/?utm_source=bluesky&utm_medium=warm&utm_campaign=proofofplay&utm_content=day-13-today
#ProofOfPlay",https://play.hrytsko.com/top-layer/?utm_source=bluesky&utm_medium=warm&utm_campaign=proofofplay&utm_content=day-13-today,clips/13.mp4,day-13 today warm provisional
2026-10-12,21:00,Bluesky,en,tomorrow,13 Top Layer,"Every pair you clear opens the layer below. You find out what's there by clearing it.

Tomorrow on the site.
https://play.hrytsko.com/?utm_source=bluesky&utm_medium=warm&utm_campaign=proofofplay&utm_content=day-13-tomorrow#upcoming-title
#ProofOfPlay",https://play.hrytsko.com/?utm_source=bluesky&utm_medium=warm&utm_campaign=proofofplay&utm_content=day-13-tomorrow#upcoming-title,,day-13 tomorrow warm provisional
2026-10-13,19:00,Threads,en,today,13 Top Layer,"Top Layer — Tap two matching uncovered tiles: they merge and reveal whatever was underneath.

https://play.hrytsko.com/top-layer/?utm_source=threads&utm_medium=warm&utm_campaign=proofofplay&utm_content=day-13-today
#ProofOfPlay",https://play.hrytsko.com/top-layer/?utm_source=threads&utm_medium=warm&utm_campaign=proofofplay&utm_content=day-13-today,clips/13.mp4,day-13 today warm provisional
2026-10-12,21:00,Threads,en,tomorrow,13 Top Layer,"Every pair you clear opens the layer below. You find out what's there by clearing it.

Tomorrow on the site.
https://play.hrytsko.com/?utm_source=threads&utm_medium=warm&utm_campaign=proofofplay&utm_content=day-13-tomorrow#upcoming-title
#ProofOfPlay",https://play.hrytsko.com/?utm_source=threads&utm_medium=warm&utm_campaign=proofofplay&utm_content=day-13-tomorrow#upcoming-title,,day-13 tomorrow warm provisional
2026-10-13,19:00,LinkedIn,en,today,13 Top Layer,"Top Layer — Tap two matching uncovered tiles: they merge and reveal whatever was underneath.

https://play.hrytsko.com/top-layer/?utm_source=linkedin&utm_medium=warm&utm_campaign=proofofplay&utm_content=day-13-today
#ProofOfPlay",https://play.hrytsko.com/top-layer/?utm_source=linkedin&utm_medium=warm&utm_campaign=proofofplay&utm_content=day-13-today,clips/13.mp4,day-13 today warm provisional
2026-10-12,21:00,LinkedIn,en,tomorrow,13 Top Layer,"Every pair you clear opens the layer below. You find out what's there by clearing it.

Tomorrow on the site.
https://play.hrytsko.com/?utm_source=linkedin&utm_medium=warm&utm_campaign=proofofplay&utm_content=day-13-tomorrow#upcoming-title
#ProofOfPlay",https://play.hrytsko.com/?utm_source=linkedin&utm_medium=warm&utm_campaign=proofofplay&utm_content=day-13-tomorrow#upcoming-title,,day-13 tomorrow warm provisional
2026-10-13,19:00,Telegram,ru,today,13 Верхний слой,"Верхний слой — Нажимай две одинаковые ненакрытые плитки: они сливаются и открывают плитки под ними.

https://play.hrytsko.com/top-layer/?utm_source=telegram&utm_medium=warm&utm_campaign=proofofplay&utm_content=day-13-today
#ProofOfPlay",https://play.hrytsko.com/top-layer/?utm_source=telegram&utm_medium=warm&utm_campaign=proofofplay&utm_content=day-13-today,clips/13.mp4,day-13 today warm provisional
2026-10-12,21:00,Telegram,ru,tomorrow,13 Верхний слой,"Каждая убранная пара открывает новый слой. Что там — узнаешь, только убрав.

Завтра на сайте.
https://play.hrytsko.com/?utm_source=telegram&utm_medium=warm&utm_campaign=proofofplay&utm_content=day-13-tomorrow#upcoming-title
#ProofOfPlay",https://play.hrytsko.com/?utm_source=telegram&utm_medium=warm&utm_campaign=proofofplay&utm_content=day-13-tomorrow#upcoming-title,,day-13 tomorrow warm provisional
2026-10-14,19:00,TikTok,en,today,14 Ribbon,"Ribbon — Cut the coloured strips into the right fractions and fill the orders before the ribbon runs out.

https://play.hrytsko.com/ribbon/?utm_source=tiktok&utm_medium=cold&utm_campaign=proofofplay&utm_content=day-14-today
#ProofOfPlay",https://play.hrytsko.com/ribbon/?utm_source=tiktok&utm_medium=cold&utm_campaign=proofofplay&utm_content=day-14-today,clips/14.mp4,day-14 today cold provisional
2026-10-13,21:00,TikTok,en,tomorrow,14 Ribbon,"The order wants 40% red. You cut by eye, and the ribbon is finite.

Tomorrow on the site.
https://play.hrytsko.com/?utm_source=tiktok&utm_medium=cold&utm_campaign=proofofplay&utm_content=day-14-tomorrow#upcoming-title
#ProofOfPlay",https://play.hrytsko.com/?utm_source=tiktok&utm_medium=cold&utm_campaign=proofofplay&utm_content=day-14-tomorrow#upcoming-title,,day-14 tomorrow cold provisional
2026-10-14,19:00,YouTube Shorts,en,today,14 Ribbon,"Ribbon — Cut the coloured strips into the right fractions and fill the orders before the ribbon runs out.

https://play.hrytsko.com/ribbon/?utm_source=youtube&utm_medium=cold&utm_campaign=proofofplay&utm_content=day-14-today
#ProofOfPlay",https://play.hrytsko.com/ribbon/?utm_source=youtube&utm_medium=cold&utm_campaign=proofofplay&utm_content=day-14-today,clips/14.mp4,day-14 today cold provisional
2026-10-13,21:00,YouTube Shorts,en,tomorrow,14 Ribbon,"The order wants 40% red. You cut by eye, and the ribbon is finite.

Tomorrow on the site.
https://play.hrytsko.com/?utm_source=youtube&utm_medium=cold&utm_campaign=proofofplay&utm_content=day-14-tomorrow#upcoming-title
#ProofOfPlay",https://play.hrytsko.com/?utm_source=youtube&utm_medium=cold&utm_campaign=proofofplay&utm_content=day-14-tomorrow#upcoming-title,,day-14 tomorrow cold provisional
2026-10-14,19:00,Instagram,en,today,14 Ribbon,"Ribbon — Cut the coloured strips into the right fractions and fill the orders before the ribbon runs out.

https://play.hrytsko.com/ribbon/?utm_source=instagram&utm_medium=cold&utm_campaign=proofofplay&utm_content=day-14-today
#ProofOfPlay",https://play.hrytsko.com/ribbon/?utm_source=instagram&utm_medium=cold&utm_campaign=proofofplay&utm_content=day-14-today,clips/14.mp4,day-14 today cold provisional
2026-10-13,21:00,Instagram,en,tomorrow,14 Ribbon,"The order wants 40% red. You cut by eye, and the ribbon is finite.

Tomorrow on the site.
https://play.hrytsko.com/?utm_source=instagram&utm_medium=cold&utm_campaign=proofofplay&utm_content=day-14-tomorrow#upcoming-title
#ProofOfPlay",https://play.hrytsko.com/?utm_source=instagram&utm_medium=cold&utm_campaign=proofofplay&utm_content=day-14-tomorrow#upcoming-title,,day-14 tomorrow cold provisional
2026-10-14,19:00,X,en,today,14 Ribbon,"Ribbon — Cut the coloured strips into the right fractions and fill the orders before the ribbon runs out.

https://play.hrytsko.com/ribbon/?utm_source=x&utm_medium=warm&utm_campaign=proofofplay&utm_content=day-14-today
#ProofOfPlay",https://play.hrytsko.com/ribbon/?utm_source=x&utm_medium=warm&utm_campaign=proofofplay&utm_content=day-14-today,clips/14.mp4,day-14 today warm provisional
2026-10-13,21:00,X,en,tomorrow,14 Ribbon,"The order wants 40% red. You cut by eye, and the ribbon is finite.

Tomorrow on the site.
https://play.hrytsko.com/?utm_source=x&utm_medium=warm&utm_campaign=proofofplay&utm_content=day-14-tomorrow#upcoming-title
#ProofOfPlay",https://play.hrytsko.com/?utm_source=x&utm_medium=warm&utm_campaign=proofofplay&utm_content=day-14-tomorrow#upcoming-title,,day-14 tomorrow warm provisional
2026-10-14,19:00,Bluesky,en,today,14 Ribbon,"Ribbon — Cut the coloured strips into the right fractions and fill the orders before the ribbon runs out.

https://play.hrytsko.com/ribbon/?utm_source=bluesky&utm_medium=warm&utm_campaign=proofofplay&utm_content=day-14-today
#ProofOfPlay",https://play.hrytsko.com/ribbon/?utm_source=bluesky&utm_medium=warm&utm_campaign=proofofplay&utm_content=day-14-today,clips/14.mp4,day-14 today warm provisional
2026-10-13,21:00,Bluesky,en,tomorrow,14 Ribbon,"The order wants 40% red. You cut by eye, and the ribbon is finite.

Tomorrow on the site.
https://play.hrytsko.com/?utm_source=bluesky&utm_medium=warm&utm_campaign=proofofplay&utm_content=day-14-tomorrow#upcoming-title
#ProofOfPlay",https://play.hrytsko.com/?utm_source=bluesky&utm_medium=warm&utm_campaign=proofofplay&utm_content=day-14-tomorrow#upcoming-title,,day-14 tomorrow warm provisional
2026-10-14,19:00,Threads,en,today,14 Ribbon,"Ribbon — Cut the coloured strips into the right fractions and fill the orders before the ribbon runs out.

https://play.hrytsko.com/ribbon/?utm_source=threads&utm_medium=warm&utm_campaign=proofofplay&utm_content=day-14-today
#ProofOfPlay",https://play.hrytsko.com/ribbon/?utm_source=threads&utm_medium=warm&utm_campaign=proofofplay&utm_content=day-14-today,clips/14.mp4,day-14 today warm provisional
2026-10-13,21:00,Threads,en,tomorrow,14 Ribbon,"The order wants 40% red. You cut by eye, and the ribbon is finite.

Tomorrow on the site.
https://play.hrytsko.com/?utm_source=threads&utm_medium=warm&utm_campaign=proofofplay&utm_content=day-14-tomorrow#upcoming-title
#ProofOfPlay",https://play.hrytsko.com/?utm_source=threads&utm_medium=warm&utm_campaign=proofofplay&utm_content=day-14-tomorrow#upcoming-title,,day-14 tomorrow warm provisional
2026-10-14,19:00,LinkedIn,en,today,14 Ribbon,"Ribbon — Cut the coloured strips into the right fractions and fill the orders before the ribbon runs out.

https://play.hrytsko.com/ribbon/?utm_source=linkedin&utm_medium=warm&utm_campaign=proofofplay&utm_content=day-14-today
#ProofOfPlay",https://play.hrytsko.com/ribbon/?utm_source=linkedin&utm_medium=warm&utm_campaign=proofofplay&utm_content=day-14-today,clips/14.mp4,day-14 today warm provisional
2026-10-13,21:00,LinkedIn,en,tomorrow,14 Ribbon,"The order wants 40% red. You cut by eye, and the ribbon is finite.

Tomorrow on the site.
https://play.hrytsko.com/?utm_source=linkedin&utm_medium=warm&utm_campaign=proofofplay&utm_content=day-14-tomorrow#upcoming-title
#ProofOfPlay",https://play.hrytsko.com/?utm_source=linkedin&utm_medium=warm&utm_campaign=proofofplay&utm_content=day-14-tomorrow#upcoming-title,,day-14 tomorrow warm provisional
2026-10-14,19:00,Telegram,ru,today,14 Лента,"Лента — Режь цветные полоски на нужные проценты и собирай заказы до конца ленты.

https://play.hrytsko.com/ribbon/?utm_source=telegram&utm_medium=warm&utm_campaign=proofofplay&utm_content=day-14-today
#ProofOfPlay",https://play.hrytsko.com/ribbon/?utm_source=telegram&utm_medium=warm&utm_campaign=proofofplay&utm_content=day-14-today,clips/14.mp4,day-14 today warm provisional
2026-10-13,21:00,Telegram,ru,tomorrow,14 Лента,"Заказ просит 40% красного. Отрезать надо на глаз, а лента конечна.

Завтра на сайте.
https://play.hrytsko.com/?utm_source=telegram&utm_medium=warm&utm_campaign=proofofplay&utm_content=day-14-tomorrow#upcoming-title
#ProofOfPlay",https://play.hrytsko.com/?utm_source=telegram&utm_medium=warm&utm_campaign=proofofplay&utm_content=day-14-tomorrow#upcoming-title,,day-14 tomorrow warm provisional
2026-10-15,19:00,TikTok,en,today,15 Stuck Fast,"Stuck Fast — Match triples by swapping neighbours. Each swap spends a move from both tiles involved.

https://play.hrytsko.com/stuck/?utm_source=tiktok&utm_medium=cold&utm_campaign=proofofplay&utm_content=day-15-today
#ProofOfPlay",https://play.hrytsko.com/stuck/?utm_source=tiktok&utm_medium=cold&utm_campaign=proofofplay&utm_content=day-15-today,clips/15.mp4,day-15 today cold provisional
2026-10-14,21:00,TikTok,en,tomorrow,15 Stuck Fast,"Every tile has its own swap budget. Spend it and the tile is stuck there for good.

Tomorrow on the site.
https://play.hrytsko.com/?utm_source=tiktok&utm_medium=cold&utm_campaign=proofofplay&utm_content=day-15-tomorrow#upcoming-title
#ProofOfPlay",https://play.hrytsko.com/?utm_source=tiktok&utm_medium=cold&utm_campaign=proofofplay&utm_content=day-15-tomorrow#upcoming-title,,day-15 tomorrow cold provisional
2026-10-15,19:00,YouTube Shorts,en,today,15 Stuck Fast,"Stuck Fast — Match triples by swapping neighbours. Each swap spends a move from both tiles involved.

https://play.hrytsko.com/stuck/?utm_source=youtube&utm_medium=cold&utm_campaign=proofofplay&utm_content=day-15-today
#ProofOfPlay",https://play.hrytsko.com/stuck/?utm_source=youtube&utm_medium=cold&utm_campaign=proofofplay&utm_content=day-15-today,clips/15.mp4,day-15 today cold provisional
2026-10-14,21:00,YouTube Shorts,en,tomorrow,15 Stuck Fast,"Every tile has its own swap budget. Spend it and the tile is stuck there for good.

Tomorrow on the site.
https://play.hrytsko.com/?utm_source=youtube&utm_medium=cold&utm_campaign=proofofplay&utm_content=day-15-tomorrow#upcoming-title
#ProofOfPlay",https://play.hrytsko.com/?utm_source=youtube&utm_medium=cold&utm_campaign=proofofplay&utm_content=day-15-tomorrow#upcoming-title,,day-15 tomorrow cold provisional
2026-10-15,19:00,Instagram,en,today,15 Stuck Fast,"Stuck Fast — Match triples by swapping neighbours. Each swap spends a move from both tiles involved.

https://play.hrytsko.com/stuck/?utm_source=instagram&utm_medium=cold&utm_campaign=proofofplay&utm_content=day-15-today
#ProofOfPlay",https://play.hrytsko.com/stuck/?utm_source=instagram&utm_medium=cold&utm_campaign=proofofplay&utm_content=day-15-today,clips/15.mp4,day-15 today cold provisional
2026-10-14,21:00,Instagram,en,tomorrow,15 Stuck Fast,"Every tile has its own swap budget. Spend it and the tile is stuck there for good.

Tomorrow on the site.
https://play.hrytsko.com/?utm_source=instagram&utm_medium=cold&utm_campaign=proofofplay&utm_content=day-15-tomorrow#upcoming-title
#ProofOfPlay",https://play.hrytsko.com/?utm_source=instagram&utm_medium=cold&utm_campaign=proofofplay&utm_content=day-15-tomorrow#upcoming-title,,day-15 tomorrow cold provisional
2026-10-15,19:00,X,en,today,15 Stuck Fast,"Stuck Fast — Match triples by swapping neighbours. Each swap spends a move from both tiles involved.

https://play.hrytsko.com/stuck/?utm_source=x&utm_medium=warm&utm_campaign=proofofplay&utm_content=day-15-today
#ProofOfPlay",https://play.hrytsko.com/stuck/?utm_source=x&utm_medium=warm&utm_campaign=proofofplay&utm_content=day-15-today,clips/15.mp4,day-15 today warm provisional
2026-10-14,21:00,X,en,tomorrow,15 Stuck Fast,"Every tile has its own swap budget. Spend it and the tile is stuck there for good.

Tomorrow on the site.
https://play.hrytsko.com/?utm_source=x&utm_medium=warm&utm_campaign=proofofplay&utm_content=day-15-tomorrow#upcoming-title
#ProofOfPlay",https://play.hrytsko.com/?utm_source=x&utm_medium=warm&utm_campaign=proofofplay&utm_content=day-15-tomorrow#upcoming-title,,day-15 tomorrow warm provisional
2026-10-15,19:00,Bluesky,en,today,15 Stuck Fast,"Stuck Fast — Match triples by swapping neighbours. Each swap spends a move from both tiles involved.

https://play.hrytsko.com/stuck/?utm_source=bluesky&utm_medium=warm&utm_campaign=proofofplay&utm_content=day-15-today
#ProofOfPlay",https://play.hrytsko.com/stuck/?utm_source=bluesky&utm_medium=warm&utm_campaign=proofofplay&utm_content=day-15-today,clips/15.mp4,day-15 today warm provisional
2026-10-14,21:00,Bluesky,en,tomorrow,15 Stuck Fast,"Every tile has its own swap budget. Spend it and the tile is stuck there for good.

Tomorrow on the site.
https://play.hrytsko.com/?utm_source=bluesky&utm_medium=warm&utm_campaign=proofofplay&utm_content=day-15-tomorrow#upcoming-title
#ProofOfPlay",https://play.hrytsko.com/?utm_source=bluesky&utm_medium=warm&utm_campaign=proofofplay&utm_content=day-15-tomorrow#upcoming-title,,day-15 tomorrow warm provisional
2026-10-15,19:00,Threads,en,today,15 Stuck Fast,"Stuck Fast — Match triples by swapping neighbours. Each swap spends a move from both tiles involved.

https://play.hrytsko.com/stuck/?utm_source=threads&utm_medium=warm&utm_campaign=proofofplay&utm_content=day-15-today
#ProofOfPlay",https://play.hrytsko.com/stuck/?utm_source=threads&utm_medium=warm&utm_campaign=proofofplay&utm_content=day-15-today,clips/15.mp4,day-15 today warm provisional
2026-10-14,21:00,Threads,en,tomorrow,15 Stuck Fast,"Every tile has its own swap budget. Spend it and the tile is stuck there for good.

Tomorrow on the site.
https://play.hrytsko.com/?utm_source=threads&utm_medium=warm&utm_campaign=proofofplay&utm_content=day-15-tomorrow#upcoming-title
#ProofOfPlay",https://play.hrytsko.com/?utm_source=threads&utm_medium=warm&utm_campaign=proofofplay&utm_content=day-15-tomorrow#upcoming-title,,day-15 tomorrow warm provisional
2026-10-15,19:00,LinkedIn,en,today,15 Stuck Fast,"Stuck Fast — Match triples by swapping neighbours. Each swap spends a move from both tiles involved.

https://play.hrytsko.com/stuck/?utm_source=linkedin&utm_medium=warm&utm_campaign=proofofplay&utm_content=day-15-today
#ProofOfPlay",https://play.hrytsko.com/stuck/?utm_source=linkedin&utm_medium=warm&utm_campaign=proofofplay&utm_content=day-15-today,clips/15.mp4,day-15 today warm provisional
2026-10-14,21:00,LinkedIn,en,tomorrow,15 Stuck Fast,"Every tile has its own swap budget. Spend it and the tile is stuck there for good.

Tomorrow on the site.
https://play.hrytsko.com/?utm_source=linkedin&utm_medium=warm&utm_campaign=proofofplay&utm_content=day-15-tomorrow#upcoming-title
#ProofOfPlay",https://play.hrytsko.com/?utm_source=linkedin&utm_medium=warm&utm_campaign=proofofplay&utm_content=day-15-tomorrow#upcoming-title,,day-15 tomorrow warm provisional
2026-10-15,19:00,Telegram,ru,today,15 Присох,"Присох — Собирай тройки обменом соседних плиток, но каждый обмен тратит по одному действию у обеих плиток.

https://play.hrytsko.com/stuck/?utm_source=telegram&utm_medium=warm&utm_campaign=proofofplay&utm_content=day-15-today
#ProofOfPlay",https://play.hrytsko.com/stuck/?utm_source=telegram&utm_medium=warm&utm_campaign=proofofplay&utm_content=day-15-today,clips/15.mp4,day-15 today warm provisional
2026-10-14,21:00,Telegram,ru,tomorrow,15 Присох,"У каждой плитки свой запас обменов. Потратишь — она присохнет к полю навсегда.

Завтра на сайте.
https://play.hrytsko.com/?utm_source=telegram&utm_medium=warm&utm_campaign=proofofplay&utm_content=day-15-tomorrow#upcoming-title
#ProofOfPlay",https://play.hrytsko.com/?utm_source=telegram&utm_medium=warm&utm_campaign=proofofplay&utm_content=day-15-tomorrow#upcoming-title,,day-15 tomorrow warm provisional
2026-10-16,19:00,TikTok,en,today,16 Collapse the Wire,"Collapse the Wire — Wire up matching dots. The pair vanishes—and every other dot shifts one tile.

https://play.hrytsko.com/collapse-wire/?utm_source=tiktok&utm_medium=cold&utm_campaign=proofofplay&utm_content=day-16-today
#ProofOfPlay",https://play.hrytsko.com/collapse-wire/?utm_source=tiktok&utm_medium=cold&utm_campaign=proofofplay&utm_content=day-16-today,clips/16.mp4,day-16 today cold provisional
2026-10-15,21:00,TikTok,en,tomorrow,16 Collapse the Wire,"Connect a pair and the board rearranges itself. Your next route is gone.

Tomorrow on the site.
https://play.hrytsko.com/?utm_source=tiktok&utm_medium=cold&utm_campaign=proofofplay&utm_content=day-16-tomorrow#upcoming-title
#ProofOfPlay",https://play.hrytsko.com/?utm_source=tiktok&utm_medium=cold&utm_campaign=proofofplay&utm_content=day-16-tomorrow#upcoming-title,,day-16 tomorrow cold provisional
2026-10-16,19:00,YouTube Shorts,en,today,16 Collapse the Wire,"Collapse the Wire — Wire up matching dots. The pair vanishes—and every other dot shifts one tile.

https://play.hrytsko.com/collapse-wire/?utm_source=youtube&utm_medium=cold&utm_campaign=proofofplay&utm_content=day-16-today
#ProofOfPlay",https://play.hrytsko.com/collapse-wire/?utm_source=youtube&utm_medium=cold&utm_campaign=proofofplay&utm_content=day-16-today,clips/16.mp4,day-16 today cold provisional
2026-10-15,21:00,YouTube Shorts,en,tomorrow,16 Collapse the Wire,"Connect a pair and the board rearranges itself. Your next route is gone.

Tomorrow on the site.
https://play.hrytsko.com/?utm_source=youtube&utm_medium=cold&utm_campaign=proofofplay&utm_content=day-16-tomorrow#upcoming-title
#ProofOfPlay",https://play.hrytsko.com/?utm_source=youtube&utm_medium=cold&utm_campaign=proofofplay&utm_content=day-16-tomorrow#upcoming-title,,day-16 tomorrow cold provisional
2026-10-16,19:00,Instagram,en,today,16 Collapse the Wire,"Collapse the Wire — Wire up matching dots. The pair vanishes—and every other dot shifts one tile.

https://play.hrytsko.com/collapse-wire/?utm_source=instagram&utm_medium=cold&utm_campaign=proofofplay&utm_content=day-16-today
#ProofOfPlay",https://play.hrytsko.com/collapse-wire/?utm_source=instagram&utm_medium=cold&utm_campaign=proofofplay&utm_content=day-16-today,clips/16.mp4,day-16 today cold provisional
2026-10-15,21:00,Instagram,en,tomorrow,16 Collapse the Wire,"Connect a pair and the board rearranges itself. Your next route is gone.

Tomorrow on the site.
https://play.hrytsko.com/?utm_source=instagram&utm_medium=cold&utm_campaign=proofofplay&utm_content=day-16-tomorrow#upcoming-title
#ProofOfPlay",https://play.hrytsko.com/?utm_source=instagram&utm_medium=cold&utm_campaign=proofofplay&utm_content=day-16-tomorrow#upcoming-title,,day-16 tomorrow cold provisional
2026-10-16,19:00,X,en,today,16 Collapse the Wire,"Collapse the Wire — Wire up matching dots. The pair vanishes—and every other dot shifts one tile.

https://play.hrytsko.com/collapse-wire/?utm_source=x&utm_medium=warm&utm_campaign=proofofplay&utm_content=day-16-today
#ProofOfPlay",https://play.hrytsko.com/collapse-wire/?utm_source=x&utm_medium=warm&utm_campaign=proofofplay&utm_content=day-16-today,clips/16.mp4,day-16 today warm provisional
2026-10-15,21:00,X,en,tomorrow,16 Collapse the Wire,"Connect a pair and the board rearranges itself. Your next route is gone.

Tomorrow on the site.
https://play.hrytsko.com/?utm_source=x&utm_medium=warm&utm_campaign=proofofplay&utm_content=day-16-tomorrow#upcoming-title
#ProofOfPlay",https://play.hrytsko.com/?utm_source=x&utm_medium=warm&utm_campaign=proofofplay&utm_content=day-16-tomorrow#upcoming-title,,day-16 tomorrow warm provisional
2026-10-16,19:00,Bluesky,en,today,16 Collapse the Wire,"Collapse the Wire — Wire up matching dots. The pair vanishes—and every other dot shifts one tile.

https://play.hrytsko.com/collapse-wire/?utm_source=bluesky&utm_medium=warm&utm_campaign=proofofplay&utm_content=day-16-today
#ProofOfPlay",https://play.hrytsko.com/collapse-wire/?utm_source=bluesky&utm_medium=warm&utm_campaign=proofofplay&utm_content=day-16-today,clips/16.mp4,day-16 today warm provisional
2026-10-15,21:00,Bluesky,en,tomorrow,16 Collapse the Wire,"Connect a pair and the board rearranges itself. Your next route is gone.

Tomorrow on the site.
https://play.hrytsko.com/?utm_source=bluesky&utm_medium=warm&utm_campaign=proofofplay&utm_content=day-16-tomorrow#upcoming-title
#ProofOfPlay",https://play.hrytsko.com/?utm_source=bluesky&utm_medium=warm&utm_campaign=proofofplay&utm_content=day-16-tomorrow#upcoming-title,,day-16 tomorrow warm provisional
2026-10-16,19:00,Threads,en,today,16 Collapse the Wire,"Collapse the Wire — Wire up matching dots. The pair vanishes—and every other dot shifts one tile.

https://play.hrytsko.com/collapse-wire/?utm_source=threads&utm_medium=warm&utm_campaign=proofofplay&utm_content=day-16-today
#ProofOfPlay",https://play.hrytsko.com/collapse-wire/?utm_source=threads&utm_medium=warm&utm_campaign=proofofplay&utm_content=day-16-today,clips/16.mp4,day-16 today warm provisional
2026-10-15,21:00,Threads,en,tomorrow,16 Collapse the Wire,"Connect a pair and the board rearranges itself. Your next route is gone.

Tomorrow on the site.
https://play.hrytsko.com/?utm_source=threads&utm_medium=warm&utm_campaign=proofofplay&utm_content=day-16-tomorrow#upcoming-title
#ProofOfPlay",https://play.hrytsko.com/?utm_source=threads&utm_medium=warm&utm_campaign=proofofplay&utm_content=day-16-tomorrow#upcoming-title,,day-16 tomorrow warm provisional
2026-10-16,19:00,LinkedIn,en,today,16 Collapse the Wire,"Collapse the Wire — Wire up matching dots. The pair vanishes—and every other dot shifts one tile.

https://play.hrytsko.com/collapse-wire/?utm_source=linkedin&utm_medium=warm&utm_campaign=proofofplay&utm_content=day-16-today
#ProofOfPlay",https://play.hrytsko.com/collapse-wire/?utm_source=linkedin&utm_medium=warm&utm_campaign=proofofplay&utm_content=day-16-today,clips/16.mp4,day-16 today warm provisional
2026-10-15,21:00,LinkedIn,en,tomorrow,16 Collapse the Wire,"Connect a pair and the board rearranges itself. Your next route is gone.

Tomorrow on the site.
https://play.hrytsko.com/?utm_source=linkedin&utm_medium=warm&utm_campaign=proofofplay&utm_content=day-16-tomorrow#upcoming-title
#ProofOfPlay",https://play.hrytsko.com/?utm_source=linkedin&utm_medium=warm&utm_campaign=proofofplay&utm_content=day-16-tomorrow#upcoming-title,,day-16 tomorrow warm provisional
2026-10-16,19:00,Telegram,ru,today,16 Схлопни провод,"Схлопни провод — Соединяй одинаковые точки проводом; пара исчезает, а остальные точки после каждого соединения сдвигаются на одну соседнюю клетку.

https://play.hrytsko.com/collapse-wire/?utm_source=telegram&utm_medium=warm&utm_campaign=proofofplay&utm_content=day-16-today
#ProofOfPlay",https://play.hrytsko.com/collapse-wire/?utm_source=telegram&utm_medium=warm&utm_campaign=proofofplay&utm_content=day-16-today,clips/16.mp4,day-16 today warm provisional
2026-10-15,21:00,Telegram,ru,tomorrow,16 Схлопни провод,"Соединил пару — поле перестроилось. Следующий маршрут придётся искать заново.

Завтра на сайте.
https://play.hrytsko.com/?utm_source=telegram&utm_medium=warm&utm_campaign=proofofplay&utm_content=day-16-tomorrow#upcoming-title
#ProofOfPlay",https://play.hrytsko.com/?utm_source=telegram&utm_medium=warm&utm_campaign=proofofplay&utm_content=day-16-tomorrow#upcoming-title,,day-16 tomorrow warm provisional
2026-10-17,19:00,TikTok,en,today,17 Collapsed,"Collapsed — Cut the big shapes in two and match the identical halves until the screen is clear.

https://play.hrytsko.com/collapsed/?utm_source=tiktok&utm_medium=cold&utm_campaign=proofofplay&utm_content=day-17-today
#ProofOfPlay",https://play.hrytsko.com/collapsed/?utm_source=tiktok&utm_medium=cold&utm_campaign=proofofplay&utm_content=day-17-today,clips/17.mp4,day-17 today cold provisional
2026-10-16,21:00,TikTok,en,tomorrow,17 Collapsed,"There's one right cut. A wrong one leaves a piece with nothing left to match.

Tomorrow on the site.
https://play.hrytsko.com/?utm_source=tiktok&utm_medium=cold&utm_campaign=proofofplay&utm_content=day-17-tomorrow#upcoming-title
#ProofOfPlay",https://play.hrytsko.com/?utm_source=tiktok&utm_medium=cold&utm_campaign=proofofplay&utm_content=day-17-tomorrow#upcoming-title,,day-17 tomorrow cold provisional
2026-10-17,19:00,YouTube Shorts,en,today,17 Collapsed,"Collapsed — Cut the big shapes in two and match the identical halves until the screen is clear.

https://play.hrytsko.com/collapsed/?utm_source=youtube&utm_medium=cold&utm_campaign=proofofplay&utm_content=day-17-today
#ProofOfPlay",https://play.hrytsko.com/collapsed/?utm_source=youtube&utm_medium=cold&utm_campaign=proofofplay&utm_content=day-17-today,clips/17.mp4,day-17 today cold provisional
2026-10-16,21:00,YouTube Shorts,en,tomorrow,17 Collapsed,"There's one right cut. A wrong one leaves a piece with nothing left to match.

Tomorrow on the site.
https://play.hrytsko.com/?utm_source=youtube&utm_medium=cold&utm_campaign=proofofplay&utm_content=day-17-tomorrow#upcoming-title
#ProofOfPlay",https://play.hrytsko.com/?utm_source=youtube&utm_medium=cold&utm_campaign=proofofplay&utm_content=day-17-tomorrow#upcoming-title,,day-17 tomorrow cold provisional
2026-10-17,19:00,Instagram,en,today,17 Collapsed,"Collapsed — Cut the big shapes in two and match the identical halves until the screen is clear.

https://play.hrytsko.com/collapsed/?utm_source=instagram&utm_medium=cold&utm_campaign=proofofplay&utm_content=day-17-today
#ProofOfPlay",https://play.hrytsko.com/collapsed/?utm_source=instagram&utm_medium=cold&utm_campaign=proofofplay&utm_content=day-17-today,clips/17.mp4,day-17 today cold provisional
2026-10-16,21:00,Instagram,en,tomorrow,17 Collapsed,"There's one right cut. A wrong one leaves a piece with nothing left to match.

Tomorrow on the site.
https://play.hrytsko.com/?utm_source=instagram&utm_medium=cold&utm_campaign=proofofplay&utm_content=day-17-tomorrow#upcoming-title
#ProofOfPlay",https://play.hrytsko.com/?utm_source=instagram&utm_medium=cold&utm_campaign=proofofplay&utm_content=day-17-tomorrow#upcoming-title,,day-17 tomorrow cold provisional
2026-10-17,19:00,X,en,today,17 Collapsed,"Collapsed — Cut the big shapes in two and match the identical halves until the screen is clear.

https://play.hrytsko.com/collapsed/?utm_source=x&utm_medium=warm&utm_campaign=proofofplay&utm_content=day-17-today
#ProofOfPlay",https://play.hrytsko.com/collapsed/?utm_source=x&utm_medium=warm&utm_campaign=proofofplay&utm_content=day-17-today,clips/17.mp4,day-17 today warm provisional
2026-10-16,21:00,X,en,tomorrow,17 Collapsed,"There's one right cut. A wrong one leaves a piece with nothing left to match.

Tomorrow on the site.
https://play.hrytsko.com/?utm_source=x&utm_medium=warm&utm_campaign=proofofplay&utm_content=day-17-tomorrow#upcoming-title
#ProofOfPlay",https://play.hrytsko.com/?utm_source=x&utm_medium=warm&utm_campaign=proofofplay&utm_content=day-17-tomorrow#upcoming-title,,day-17 tomorrow warm provisional
2026-10-17,19:00,Bluesky,en,today,17 Collapsed,"Collapsed — Cut the big shapes in two and match the identical halves until the screen is clear.

https://play.hrytsko.com/collapsed/?utm_source=bluesky&utm_medium=warm&utm_campaign=proofofplay&utm_content=day-17-today
#ProofOfPlay",https://play.hrytsko.com/collapsed/?utm_source=bluesky&utm_medium=warm&utm_campaign=proofofplay&utm_content=day-17-today,clips/17.mp4,day-17 today warm provisional
2026-10-16,21:00,Bluesky,en,tomorrow,17 Collapsed,"There's one right cut. A wrong one leaves a piece with nothing left to match.

Tomorrow on the site.
https://play.hrytsko.com/?utm_source=bluesky&utm_medium=warm&utm_campaign=proofofplay&utm_content=day-17-tomorrow#upcoming-title
#ProofOfPlay",https://play.hrytsko.com/?utm_source=bluesky&utm_medium=warm&utm_campaign=proofofplay&utm_content=day-17-tomorrow#upcoming-title,,day-17 tomorrow warm provisional
2026-10-17,19:00,Threads,en,today,17 Collapsed,"Collapsed — Cut the big shapes in two and match the identical halves until the screen is clear.

https://play.hrytsko.com/collapsed/?utm_source=threads&utm_medium=warm&utm_campaign=proofofplay&utm_content=day-17-today
#ProofOfPlay",https://play.hrytsko.com/collapsed/?utm_source=threads&utm_medium=warm&utm_campaign=proofofplay&utm_content=day-17-today,clips/17.mp4,day-17 today warm provisional
2026-10-16,21:00,Threads,en,tomorrow,17 Collapsed,"There's one right cut. A wrong one leaves a piece with nothing left to match.

Tomorrow on the site.
https://play.hrytsko.com/?utm_source=threads&utm_medium=warm&utm_campaign=proofofplay&utm_content=day-17-tomorrow#upcoming-title
#ProofOfPlay",https://play.hrytsko.com/?utm_source=threads&utm_medium=warm&utm_campaign=proofofplay&utm_content=day-17-tomorrow#upcoming-title,,day-17 tomorrow warm provisional
2026-10-17,19:00,LinkedIn,en,today,17 Collapsed,"Collapsed — Cut the big shapes in two and match the identical halves until the screen is clear.

https://play.hrytsko.com/collapsed/?utm_source=linkedin&utm_medium=warm&utm_campaign=proofofplay&utm_content=day-17-today
#ProofOfPlay",https://play.hrytsko.com/collapsed/?utm_source=linkedin&utm_medium=warm&utm_campaign=proofofplay&utm_content=day-17-today,clips/17.mp4,day-17 today warm provisional
2026-10-16,21:00,LinkedIn,en,tomorrow,17 Collapsed,"There's one right cut. A wrong one leaves a piece with nothing left to match.

Tomorrow on the site.
https://play.hrytsko.com/?utm_source=linkedin&utm_medium=warm&utm_campaign=proofofplay&utm_content=day-17-tomorrow#upcoming-title
#ProofOfPlay",https://play.hrytsko.com/?utm_source=linkedin&utm_medium=warm&utm_campaign=proofofplay&utm_content=day-17-tomorrow#upcoming-title,,day-17 tomorrow warm provisional
2026-10-17,19:00,Telegram,ru,today,17 Схлопнулись,"Схлопнулись — Режь большие фигуры на два куска и совмещай одинаковые пары, чтобы очистить экран.

https://play.hrytsko.com/collapsed/?utm_source=telegram&utm_medium=warm&utm_campaign=proofofplay&utm_content=day-17-today
#ProofOfPlay",https://play.hrytsko.com/collapsed/?utm_source=telegram&utm_medium=warm&utm_campaign=proofofplay&utm_content=day-17-today,clips/17.mp4,day-17 today warm provisional
2026-10-16,21:00,Telegram,ru,tomorrow,17 Схлопнулись,"Правильный разрез один. Неправильный оставит кусок, к которому уже нет пары.

Завтра на сайте.
https://play.hrytsko.com/?utm_source=telegram&utm_medium=warm&utm_campaign=proofofplay&utm_content=day-17-tomorrow#upcoming-title
#ProofOfPlay",https://play.hrytsko.com/?utm_source=telegram&utm_medium=warm&utm_campaign=proofofplay&utm_content=day-17-tomorrow#upcoming-title,,day-17 tomorrow warm provisional
2026-10-18,19:00,TikTok,en,today,18 Fold,"Fold — Fold the shape along its creases to cover every target cell. A folded part turns thick and won't bend again.

https://play.hrytsko.com/double/?utm_source=tiktok&utm_medium=cold&utm_campaign=proofofplay&utm_content=day-18-today
#ProofOfPlay",https://play.hrytsko.com/double/?utm_source=tiktok&utm_medium=cold&utm_campaign=proofofplay&utm_content=day-18-today,clips/18.mp4,day-18 today cold provisional
2026-10-17,21:00,TikTok,en,tomorrow,18 Fold,"Every fold makes the paper thicker. Thick paper doesn't fold.

Tomorrow on the site.
https://play.hrytsko.com/?utm_source=tiktok&utm_medium=cold&utm_campaign=proofofplay&utm_content=day-18-tomorrow#upcoming-title
#ProofOfPlay",https://play.hrytsko.com/?utm_source=tiktok&utm_medium=cold&utm_campaign=proofofplay&utm_content=day-18-tomorrow#upcoming-title,,day-18 tomorrow cold provisional
2026-10-18,19:00,YouTube Shorts,en,today,18 Fold,"Fold — Fold the shape along its creases to cover every target cell. A folded part turns thick and won't bend again.

https://play.hrytsko.com/double/?utm_source=youtube&utm_medium=cold&utm_campaign=proofofplay&utm_content=day-18-today
#ProofOfPlay",https://play.hrytsko.com/double/?utm_source=youtube&utm_medium=cold&utm_campaign=proofofplay&utm_content=day-18-today,clips/18.mp4,day-18 today cold provisional
2026-10-17,21:00,YouTube Shorts,en,tomorrow,18 Fold,"Every fold makes the paper thicker. Thick paper doesn't fold.

Tomorrow on the site.
https://play.hrytsko.com/?utm_source=youtube&utm_medium=cold&utm_campaign=proofofplay&utm_content=day-18-tomorrow#upcoming-title
#ProofOfPlay",https://play.hrytsko.com/?utm_source=youtube&utm_medium=cold&utm_campaign=proofofplay&utm_content=day-18-tomorrow#upcoming-title,,day-18 tomorrow cold provisional
2026-10-18,19:00,Instagram,en,today,18 Fold,"Fold — Fold the shape along its creases to cover every target cell. A folded part turns thick and won't bend again.

https://play.hrytsko.com/double/?utm_source=instagram&utm_medium=cold&utm_campaign=proofofplay&utm_content=day-18-today
#ProofOfPlay",https://play.hrytsko.com/double/?utm_source=instagram&utm_medium=cold&utm_campaign=proofofplay&utm_content=day-18-today,clips/18.mp4,day-18 today cold provisional
2026-10-17,21:00,Instagram,en,tomorrow,18 Fold,"Every fold makes the paper thicker. Thick paper doesn't fold.

Tomorrow on the site.
https://play.hrytsko.com/?utm_source=instagram&utm_medium=cold&utm_campaign=proofofplay&utm_content=day-18-tomorrow#upcoming-title
#ProofOfPlay",https://play.hrytsko.com/?utm_source=instagram&utm_medium=cold&utm_campaign=proofofplay&utm_content=day-18-tomorrow#upcoming-title,,day-18 tomorrow cold provisional
2026-10-18,19:00,X,en,today,18 Fold,"Fold — Fold the shape along its creases to cover every target cell. A folded part turns thick and won't bend again.

https://play.hrytsko.com/double/?utm_source=x&utm_medium=warm&utm_campaign=proofofplay&utm_content=day-18-today
#ProofOfPlay",https://play.hrytsko.com/double/?utm_source=x&utm_medium=warm&utm_campaign=proofofplay&utm_content=day-18-today,clips/18.mp4,day-18 today warm provisional
2026-10-17,21:00,X,en,tomorrow,18 Fold,"Every fold makes the paper thicker. Thick paper doesn't fold.

Tomorrow on the site.
https://play.hrytsko.com/?utm_source=x&utm_medium=warm&utm_campaign=proofofplay&utm_content=day-18-tomorrow#upcoming-title
#ProofOfPlay",https://play.hrytsko.com/?utm_source=x&utm_medium=warm&utm_campaign=proofofplay&utm_content=day-18-tomorrow#upcoming-title,,day-18 tomorrow warm provisional
2026-10-18,19:00,Bluesky,en,today,18 Fold,"Fold — Fold the shape along its creases to cover every target cell. A folded part turns thick and won't bend again.

https://play.hrytsko.com/double/?utm_source=bluesky&utm_medium=warm&utm_campaign=proofofplay&utm_content=day-18-today
#ProofOfPlay",https://play.hrytsko.com/double/?utm_source=bluesky&utm_medium=warm&utm_campaign=proofofplay&utm_content=day-18-today,clips/18.mp4,day-18 today warm provisional
2026-10-17,21:00,Bluesky,en,tomorrow,18 Fold,"Every fold makes the paper thicker. Thick paper doesn't fold.

Tomorrow on the site.
https://play.hrytsko.com/?utm_source=bluesky&utm_medium=warm&utm_campaign=proofofplay&utm_content=day-18-tomorrow#upcoming-title
#ProofOfPlay",https://play.hrytsko.com/?utm_source=bluesky&utm_medium=warm&utm_campaign=proofofplay&utm_content=day-18-tomorrow#upcoming-title,,day-18 tomorrow warm provisional
2026-10-18,19:00,Threads,en,today,18 Fold,"Fold — Fold the shape along its creases to cover every target cell. A folded part turns thick and won't bend again.

https://play.hrytsko.com/double/?utm_source=threads&utm_medium=warm&utm_campaign=proofofplay&utm_content=day-18-today
#ProofOfPlay",https://play.hrytsko.com/double/?utm_source=threads&utm_medium=warm&utm_campaign=proofofplay&utm_content=day-18-today,clips/18.mp4,day-18 today warm provisional
2026-10-17,21:00,Threads,en,tomorrow,18 Fold,"Every fold makes the paper thicker. Thick paper doesn't fold.

Tomorrow on the site.
https://play.hrytsko.com/?utm_source=threads&utm_medium=warm&utm_campaign=proofofplay&utm_content=day-18-tomorrow#upcoming-title
#ProofOfPlay",https://play.hrytsko.com/?utm_source=threads&utm_medium=warm&utm_campaign=proofofplay&utm_content=day-18-tomorrow#upcoming-title,,day-18 tomorrow warm provisional
2026-10-18,19:00,LinkedIn,en,today,18 Fold,"Fold — Fold the shape along its creases to cover every target cell. A folded part turns thick and won't bend again.

https://play.hrytsko.com/double/?utm_source=linkedin&utm_medium=warm&utm_campaign=proofofplay&utm_content=day-18-today
#ProofOfPlay",https://play.hrytsko.com/double/?utm_source=linkedin&utm_medium=warm&utm_campaign=proofofplay&utm_content=day-18-today,clips/18.mp4,day-18 today warm provisional
2026-10-17,21:00,LinkedIn,en,tomorrow,18 Fold,"Every fold makes the paper thicker. Thick paper doesn't fold.

Tomorrow on the site.
https://play.hrytsko.com/?utm_source=linkedin&utm_medium=warm&utm_campaign=proofofplay&utm_content=day-18-tomorrow#upcoming-title
#ProofOfPlay",https://play.hrytsko.com/?utm_source=linkedin&utm_medium=warm&utm_campaign=proofofplay&utm_content=day-18-tomorrow#upcoming-title,,day-18 tomorrow warm provisional
2026-10-18,19:00,Telegram,ru,today,18 Вдвое,"Вдвое — Сгибай фигуру по отмеченным линиям так, чтобы накрыть все целевые клетки; сложенная часть становится толстой и больше не гнётся.

https://play.hrytsko.com/double/?utm_source=telegram&utm_medium=warm&utm_campaign=proofofplay&utm_content=day-18-today
#ProofOfPlay",https://play.hrytsko.com/double/?utm_source=telegram&utm_medium=warm&utm_campaign=proofofplay&utm_content=day-18-today,clips/18.mp4,day-18 today warm provisional
2026-10-17,21:00,Telegram,ru,tomorrow,18 Вдвое,"Каждый сгиб делает бумагу толще. Толстое место уже не согнуть.

Завтра на сайте.
https://play.hrytsko.com/?utm_source=telegram&utm_medium=warm&utm_campaign=proofofplay&utm_content=day-18-tomorrow#upcoming-title
#ProofOfPlay",https://play.hrytsko.com/?utm_source=telegram&utm_medium=warm&utm_campaign=proofofplay&utm_content=day-18-tomorrow#upcoming-title,,day-18 tomorrow warm provisional
2026-10-19,19:00,TikTok,en,today,19 The Dig,"The Dig — Open slabs using the trap counts around them. Five gold clears it, nine is perfect—and much closer to a trap.

https://play.hrytsko.com/excavation/?utm_source=tiktok&utm_medium=cold&utm_campaign=proofofplay&utm_content=day-19-today
#ProofOfPlay",https://play.hrytsko.com/excavation/?utm_source=tiktok&utm_medium=cold&utm_campaign=proofofplay&utm_content=day-19-today,clips/19.mp4,day-19 today cold provisional
2026-10-18,21:00,TikTok,en,tomorrow,19 The Dig,"Five gold is enough to pass. Nine are sitting right next to the traps.

Tomorrow on the site.
https://play.hrytsko.com/?utm_source=tiktok&utm_medium=cold&utm_campaign=proofofplay&utm_content=day-19-tomorrow#upcoming-title
#ProofOfPlay",https://play.hrytsko.com/?utm_source=tiktok&utm_medium=cold&utm_campaign=proofofplay&utm_content=day-19-tomorrow#upcoming-title,,day-19 tomorrow cold provisional
2026-10-19,19:00,YouTube Shorts,en,today,19 The Dig,"The Dig — Open slabs using the trap counts around them. Five gold clears it, nine is perfect—and much closer to a trap.

https://play.hrytsko.com/excavation/?utm_source=youtube&utm_medium=cold&utm_campaign=proofofplay&utm_content=day-19-today
#ProofOfPlay",https://play.hrytsko.com/excavation/?utm_source=youtube&utm_medium=cold&utm_campaign=proofofplay&utm_content=day-19-today,clips/19.mp4,day-19 today cold provisional
2026-10-18,21:00,YouTube Shorts,en,tomorrow,19 The Dig,"Five gold is enough to pass. Nine are sitting right next to the traps.

Tomorrow on the site.
https://play.hrytsko.com/?utm_source=youtube&utm_medium=cold&utm_campaign=proofofplay&utm_content=day-19-tomorrow#upcoming-title
#ProofOfPlay",https://play.hrytsko.com/?utm_source=youtube&utm_medium=cold&utm_campaign=proofofplay&utm_content=day-19-tomorrow#upcoming-title,,day-19 tomorrow cold provisional
2026-10-19,19:00,Instagram,en,today,19 The Dig,"The Dig — Open slabs using the trap counts around them. Five gold clears it, nine is perfect—and much closer to a trap.

https://play.hrytsko.com/excavation/?utm_source=instagram&utm_medium=cold&utm_campaign=proofofplay&utm_content=day-19-today
#ProofOfPlay",https://play.hrytsko.com/excavation/?utm_source=instagram&utm_medium=cold&utm_campaign=proofofplay&utm_content=day-19-today,clips/19.mp4,day-19 today cold provisional
2026-10-18,21:00,Instagram,en,tomorrow,19 The Dig,"Five gold is enough to pass. Nine are sitting right next to the traps.

Tomorrow on the site.
https://play.hrytsko.com/?utm_source=instagram&utm_medium=cold&utm_campaign=proofofplay&utm_content=day-19-tomorrow#upcoming-title
#ProofOfPlay",https://play.hrytsko.com/?utm_source=instagram&utm_medium=cold&utm_campaign=proofofplay&utm_content=day-19-tomorrow#upcoming-title,,day-19 tomorrow cold provisional
2026-10-19,19:00,X,en,today,19 The Dig,"The Dig — Open slabs using the trap counts around them. Five gold clears it, nine is perfect—and much closer to a trap.

https://play.hrytsko.com/excavation/?utm_source=x&utm_medium=warm&utm_campaign=proofofplay&utm_content=day-19-today
#ProofOfPlay",https://play.hrytsko.com/excavation/?utm_source=x&utm_medium=warm&utm_campaign=proofofplay&utm_content=day-19-today,clips/19.mp4,day-19 today warm provisional
2026-10-18,21:00,X,en,tomorrow,19 The Dig,"Five gold is enough to pass. Nine are sitting right next to the traps.

Tomorrow on the site.
https://play.hrytsko.com/?utm_source=x&utm_medium=warm&utm_campaign=proofofplay&utm_content=day-19-tomorrow#upcoming-title
#ProofOfPlay",https://play.hrytsko.com/?utm_source=x&utm_medium=warm&utm_campaign=proofofplay&utm_content=day-19-tomorrow#upcoming-title,,day-19 tomorrow warm provisional
2026-10-19,19:00,Bluesky,en,today,19 The Dig,"The Dig — Open slabs using the trap counts around them. Five gold clears it, nine is perfect—and much closer to a trap.

https://play.hrytsko.com/excavation/?utm_source=bluesky&utm_medium=warm&utm_campaign=proofofplay&utm_content=day-19-today
#ProofOfPlay",https://play.hrytsko.com/excavation/?utm_source=bluesky&utm_medium=warm&utm_campaign=proofofplay&utm_content=day-19-today,clips/19.mp4,day-19 today warm provisional
2026-10-18,21:00,Bluesky,en,tomorrow,19 The Dig,"Five gold is enough to pass. Nine are sitting right next to the traps.

Tomorrow on the site.
https://play.hrytsko.com/?utm_source=bluesky&utm_medium=warm&utm_campaign=proofofplay&utm_content=day-19-tomorrow#upcoming-title
#ProofOfPlay",https://play.hrytsko.com/?utm_source=bluesky&utm_medium=warm&utm_campaign=proofofplay&utm_content=day-19-tomorrow#upcoming-title,,day-19 tomorrow warm provisional
2026-10-19,19:00,Threads,en,today,19 The Dig,"The Dig — Open slabs using the trap counts around them. Five gold clears it, nine is perfect—and much closer to a trap.

https://play.hrytsko.com/excavation/?utm_source=threads&utm_medium=warm&utm_campaign=proofofplay&utm_content=day-19-today
#ProofOfPlay",https://play.hrytsko.com/excavation/?utm_source=threads&utm_medium=warm&utm_campaign=proofofplay&utm_content=day-19-today,clips/19.mp4,day-19 today warm provisional
2026-10-18,21:00,Threads,en,tomorrow,19 The Dig,"Five gold is enough to pass. Nine are sitting right next to the traps.

Tomorrow on the site.
https://play.hrytsko.com/?utm_source=threads&utm_medium=warm&utm_campaign=proofofplay&utm_content=day-19-tomorrow#upcoming-title
#ProofOfPlay",https://play.hrytsko.com/?utm_source=threads&utm_medium=warm&utm_campaign=proofofplay&utm_content=day-19-tomorrow#upcoming-title,,day-19 tomorrow warm provisional
2026-10-19,19:00,LinkedIn,en,today,19 The Dig,"The Dig — Open slabs using the trap counts around them. Five gold clears it, nine is perfect—and much closer to a trap.

https://play.hrytsko.com/excavation/?utm_source=linkedin&utm_medium=warm&utm_campaign=proofofplay&utm_content=day-19-today
#ProofOfPlay",https://play.hrytsko.com/excavation/?utm_source=linkedin&utm_medium=warm&utm_campaign=proofofplay&utm_content=day-19-today,clips/19.mp4,day-19 today warm provisional
2026-10-18,21:00,LinkedIn,en,tomorrow,19 The Dig,"Five gold is enough to pass. Nine are sitting right next to the traps.

Tomorrow on the site.
https://play.hrytsko.com/?utm_source=linkedin&utm_medium=warm&utm_campaign=proofofplay&utm_content=day-19-tomorrow#upcoming-title
#ProofOfPlay",https://play.hrytsko.com/?utm_source=linkedin&utm_medium=warm&utm_campaign=proofofplay&utm_content=day-19-tomorrow#upcoming-title,,day-19 tomorrow warm provisional
2026-10-19,19:00,Telegram,ru,today,19 Раскоп,"Раскоп — Открывай плиты по подсказкам о соседних ловушках, собирай золото и решай, когда остановиться: 5 — пройдено, 7 — хороший результат, 9 — идеальный.

https://play.hrytsko.com/excavation/?utm_source=telegram&utm_medium=warm&utm_campaign=proofofplay&utm_content=day-19-today
#ProofOfPlay",https://play.hrytsko.com/excavation/?utm_source=telegram&utm_medium=warm&utm_campaign=proofofplay&utm_content=day-19-today,clips/19.mp4,day-19 today warm provisional
2026-10-18,21:00,Telegram,ru,tomorrow,19 Раскоп,"Пяти золота хватит, чтобы пройти. Девять лежат вплотную к ловушкам.

Завтра на сайте.
https://play.hrytsko.com/?utm_source=telegram&utm_medium=warm&utm_campaign=proofofplay&utm_content=day-19-tomorrow#upcoming-title
#ProofOfPlay",https://play.hrytsko.com/?utm_source=telegram&utm_medium=warm&utm_campaign=proofofplay&utm_content=day-19-tomorrow#upcoming-title,,day-19 tomorrow warm provisional
2026-10-20,19:00,TikTok,en,today,20 Jammed,"Jammed — Drag a tile onto its twin: they merge one rank up, exactly in the cell you dragged to.

https://play.hrytsko.com/jammed/?utm_source=tiktok&utm_medium=cold&utm_campaign=proofofplay&utm_content=day-20-today
#ProofOfPlay",https://play.hrytsko.com/jammed/?utm_source=tiktok&utm_medium=cold&utm_campaign=proofofplay&utm_content=day-20-today,clips/20.mp4,day-20 today cold provisional
2026-10-19,21:00,TikTok,en,tomorrow,20 Jammed,"You choose where the merge lands. You don't get to undo it.

Tomorrow on the site.
https://play.hrytsko.com/?utm_source=tiktok&utm_medium=cold&utm_campaign=proofofplay&utm_content=day-20-tomorrow#upcoming-title
#ProofOfPlay",https://play.hrytsko.com/?utm_source=tiktok&utm_medium=cold&utm_campaign=proofofplay&utm_content=day-20-tomorrow#upcoming-title,,day-20 tomorrow cold provisional
2026-10-20,19:00,YouTube Shorts,en,today,20 Jammed,"Jammed — Drag a tile onto its twin: they merge one rank up, exactly in the cell you dragged to.

https://play.hrytsko.com/jammed/?utm_source=youtube&utm_medium=cold&utm_campaign=proofofplay&utm_content=day-20-today
#ProofOfPlay",https://play.hrytsko.com/jammed/?utm_source=youtube&utm_medium=cold&utm_campaign=proofofplay&utm_content=day-20-today,clips/20.mp4,day-20 today cold provisional
2026-10-19,21:00,YouTube Shorts,en,tomorrow,20 Jammed,"You choose where the merge lands. You don't get to undo it.

Tomorrow on the site.
https://play.hrytsko.com/?utm_source=youtube&utm_medium=cold&utm_campaign=proofofplay&utm_content=day-20-tomorrow#upcoming-title
#ProofOfPlay",https://play.hrytsko.com/?utm_source=youtube&utm_medium=cold&utm_campaign=proofofplay&utm_content=day-20-tomorrow#upcoming-title,,day-20 tomorrow cold provisional
2026-10-20,19:00,Instagram,en,today,20 Jammed,"Jammed — Drag a tile onto its twin: they merge one rank up, exactly in the cell you dragged to.

https://play.hrytsko.com/jammed/?utm_source=instagram&utm_medium=cold&utm_campaign=proofofplay&utm_content=day-20-today
#ProofOfPlay",https://play.hrytsko.com/jammed/?utm_source=instagram&utm_medium=cold&utm_campaign=proofofplay&utm_content=day-20-today,clips/20.mp4,day-20 today cold provisional
2026-10-19,21:00,Instagram,en,tomorrow,20 Jammed,"You choose where the merge lands. You don't get to undo it.

Tomorrow on the site.
https://play.hrytsko.com/?utm_source=instagram&utm_medium=cold&utm_campaign=proofofplay&utm_content=day-20-tomorrow#upcoming-title
#ProofOfPlay",https://play.hrytsko.com/?utm_source=instagram&utm_medium=cold&utm_campaign=proofofplay&utm_content=day-20-tomorrow#upcoming-title,,day-20 tomorrow cold provisional
2026-10-20,19:00,X,en,today,20 Jammed,"Jammed — Drag a tile onto its twin: they merge one rank up, exactly in the cell you dragged to.

https://play.hrytsko.com/jammed/?utm_source=x&utm_medium=warm&utm_campaign=proofofplay&utm_content=day-20-today
#ProofOfPlay",https://play.hrytsko.com/jammed/?utm_source=x&utm_medium=warm&utm_campaign=proofofplay&utm_content=day-20-today,clips/20.mp4,day-20 today warm provisional
2026-10-19,21:00,X,en,tomorrow,20 Jammed,"You choose where the merge lands. You don't get to undo it.

Tomorrow on the site.
https://play.hrytsko.com/?utm_source=x&utm_medium=warm&utm_campaign=proofofplay&utm_content=day-20-tomorrow#upcoming-title
#ProofOfPlay",https://play.hrytsko.com/?utm_source=x&utm_medium=warm&utm_campaign=proofofplay&utm_content=day-20-tomorrow#upcoming-title,,day-20 tomorrow warm provisional
2026-10-20,19:00,Bluesky,en,today,20 Jammed,"Jammed — Drag a tile onto its twin: they merge one rank up, exactly in the cell you dragged to.

https://play.hrytsko.com/jammed/?utm_source=bluesky&utm_medium=warm&utm_campaign=proofofplay&utm_content=day-20-today
#ProofOfPlay",https://play.hrytsko.com/jammed/?utm_source=bluesky&utm_medium=warm&utm_campaign=proofofplay&utm_content=day-20-today,clips/20.mp4,day-20 today warm provisional
2026-10-19,21:00,Bluesky,en,tomorrow,20 Jammed,"You choose where the merge lands. You don't get to undo it.

Tomorrow on the site.
https://play.hrytsko.com/?utm_source=bluesky&utm_medium=warm&utm_campaign=proofofplay&utm_content=day-20-tomorrow#upcoming-title
#ProofOfPlay",https://play.hrytsko.com/?utm_source=bluesky&utm_medium=warm&utm_campaign=proofofplay&utm_content=day-20-tomorrow#upcoming-title,,day-20 tomorrow warm provisional
2026-10-20,19:00,Threads,en,today,20 Jammed,"Jammed — Drag a tile onto its twin: they merge one rank up, exactly in the cell you dragged to.

https://play.hrytsko.com/jammed/?utm_source=threads&utm_medium=warm&utm_campaign=proofofplay&utm_content=day-20-today
#ProofOfPlay",https://play.hrytsko.com/jammed/?utm_source=threads&utm_medium=warm&utm_campaign=proofofplay&utm_content=day-20-today,clips/20.mp4,day-20 today warm provisional
2026-10-19,21:00,Threads,en,tomorrow,20 Jammed,"You choose where the merge lands. You don't get to undo it.

Tomorrow on the site.
https://play.hrytsko.com/?utm_source=threads&utm_medium=warm&utm_campaign=proofofplay&utm_content=day-20-tomorrow#upcoming-title
#ProofOfPlay",https://play.hrytsko.com/?utm_source=threads&utm_medium=warm&utm_campaign=proofofplay&utm_content=day-20-tomorrow#upcoming-title,,day-20 tomorrow warm provisional
2026-10-20,19:00,LinkedIn,en,today,20 Jammed,"Jammed — Drag a tile onto its twin: they merge one rank up, exactly in the cell you dragged to.

https://play.hrytsko.com/jammed/?utm_source=linkedin&utm_medium=warm&utm_campaign=proofofplay&utm_content=day-20-today
#ProofOfPlay",https://play.hrytsko.com/jammed/?utm_source=linkedin&utm_medium=warm&utm_campaign=proofofplay&utm_content=day-20-today,clips/20.mp4,day-20 today warm provisional
2026-10-19,21:00,LinkedIn,en,tomorrow,20 Jammed,"You choose where the merge lands. You don't get to undo it.

Tomorrow on the site.
https://play.hrytsko.com/?utm_source=linkedin&utm_medium=warm&utm_campaign=proofofplay&utm_content=day-20-tomorrow#upcoming-title
#ProofOfPlay",https://play.hrytsko.com/?utm_source=linkedin&utm_medium=warm&utm_campaign=proofofplay&utm_content=day-20-tomorrow#upcoming-title,,day-20 tomorrow warm provisional
2026-10-20,19:00,Telegram,ru,today,20 Заклинило,"Заклинило — Перетаскивай одинаковую плитку на соседнюю: они сливаются в следующую по номиналу, а новая плитка остаётся именно в выбранной клетке; слей всё поле в одну плитку.

https://play.hrytsko.com/jammed/?utm_source=telegram&utm_medium=warm&utm_campaign=proofofplay&utm_content=day-20-today
#ProofOfPlay",https://play.hrytsko.com/jammed/?utm_source=telegram&utm_medium=warm&utm_campaign=proofofplay&utm_content=day-20-today,clips/20.mp4,day-20 today warm provisional
2026-10-19,21:00,Telegram,ru,tomorrow,20 Заклинило,"Ты сам выбираешь, где окажется слияние. Отменить его нельзя.

Завтра на сайте.
https://play.hrytsko.com/?utm_source=telegram&utm_medium=warm&utm_campaign=proofofplay&utm_content=day-20-tomorrow#upcoming-title
#ProofOfPlay",https://play.hrytsko.com/?utm_source=telegram&utm_medium=warm&utm_campaign=proofofplay&utm_content=day-20-tomorrow#upcoming-title,,day-20 tomorrow warm provisional
2026-10-21,19:00,TikTok,en,today,21 Cable Bet,"Cable Bet — Connect same-coloured nodes, choosing the pairs and the routes, inside one shared cable budget.

https://play.hrytsko.com/cable-bet/?utm_source=tiktok&utm_medium=cold&utm_campaign=proofofplay&utm_content=day-21-today
#ProofOfPlay",https://play.hrytsko.com/cable-bet/?utm_source=tiktok&utm_medium=cold&utm_campaign=proofofplay&utm_content=day-21-today,clips/21.mp4,day-21 today cold provisional
2026-10-20,21:00,TikTok,en,tomorrow,21 Cable Bet,"One cable for every connection. The short route for one pair blocks the road for another.

Tomorrow on the site.
https://play.hrytsko.com/?utm_source=tiktok&utm_medium=cold&utm_campaign=proofofplay&utm_content=day-21-tomorrow#upcoming-title
#ProofOfPlay",https://play.hrytsko.com/?utm_source=tiktok&utm_medium=cold&utm_campaign=proofofplay&utm_content=day-21-tomorrow#upcoming-title,,day-21 tomorrow cold provisional
2026-10-21,19:00,YouTube Shorts,en,today,21 Cable Bet,"Cable Bet — Connect same-coloured nodes, choosing the pairs and the routes, inside one shared cable budget.

https://play.hrytsko.com/cable-bet/?utm_source=youtube&utm_medium=cold&utm_campaign=proofofplay&utm_content=day-21-today
#ProofOfPlay",https://play.hrytsko.com/cable-bet/?utm_source=youtube&utm_medium=cold&utm_campaign=proofofplay&utm_content=day-21-today,clips/21.mp4,day-21 today cold provisional
2026-10-20,21:00,YouTube Shorts,en,tomorrow,21 Cable Bet,"One cable for every connection. The short route for one pair blocks the road for another.

Tomorrow on the site.
https://play.hrytsko.com/?utm_source=youtube&utm_medium=cold&utm_campaign=proofofplay&utm_content=day-21-tomorrow#upcoming-title
#ProofOfPlay",https://play.hrytsko.com/?utm_source=youtube&utm_medium=cold&utm_campaign=proofofplay&utm_content=day-21-tomorrow#upcoming-title,,day-21 tomorrow cold provisional
2026-10-21,19:00,Instagram,en,today,21 Cable Bet,"Cable Bet — Connect same-coloured nodes, choosing the pairs and the routes, inside one shared cable budget.

https://play.hrytsko.com/cable-bet/?utm_source=instagram&utm_medium=cold&utm_campaign=proofofplay&utm_content=day-21-today
#ProofOfPlay",https://play.hrytsko.com/cable-bet/?utm_source=instagram&utm_medium=cold&utm_campaign=proofofplay&utm_content=day-21-today,clips/21.mp4,day-21 today cold provisional
2026-10-20,21:00,Instagram,en,tomorrow,21 Cable Bet,"One cable for every connection. The short route for one pair blocks the road for another.

Tomorrow on the site.
https://play.hrytsko.com/?utm_source=instagram&utm_medium=cold&utm_campaign=proofofplay&utm_content=day-21-tomorrow#upcoming-title
#ProofOfPlay",https://play.hrytsko.com/?utm_source=instagram&utm_medium=cold&utm_campaign=proofofplay&utm_content=day-21-tomorrow#upcoming-title,,day-21 tomorrow cold provisional
2026-10-21,19:00,X,en,today,21 Cable Bet,"Cable Bet — Connect same-coloured nodes, choosing the pairs and the routes, inside one shared cable budget.

https://play.hrytsko.com/cable-bet/?utm_source=x&utm_medium=warm&utm_campaign=proofofplay&utm_content=day-21-today
#ProofOfPlay",https://play.hrytsko.com/cable-bet/?utm_source=x&utm_medium=warm&utm_campaign=proofofplay&utm_content=day-21-today,clips/21.mp4,day-21 today warm provisional
2026-10-20,21:00,X,en,tomorrow,21 Cable Bet,"One cable for every connection. The short route for one pair blocks the road for another.

Tomorrow on the site.
https://play.hrytsko.com/?utm_source=x&utm_medium=warm&utm_campaign=proofofplay&utm_content=day-21-tomorrow#upcoming-title
#ProofOfPlay",https://play.hrytsko.com/?utm_source=x&utm_medium=warm&utm_campaign=proofofplay&utm_content=day-21-tomorrow#upcoming-title,,day-21 tomorrow warm provisional
2026-10-21,19:00,Bluesky,en,today,21 Cable Bet,"Cable Bet — Connect same-coloured nodes, choosing the pairs and the routes, inside one shared cable budget.

https://play.hrytsko.com/cable-bet/?utm_source=bluesky&utm_medium=warm&utm_campaign=proofofplay&utm_content=day-21-today
#ProofOfPlay",https://play.hrytsko.com/cable-bet/?utm_source=bluesky&utm_medium=warm&utm_campaign=proofofplay&utm_content=day-21-today,clips/21.mp4,day-21 today warm provisional
2026-10-20,21:00,Bluesky,en,tomorrow,21 Cable Bet,"One cable for every connection. The short route for one pair blocks the road for another.

Tomorrow on the site.
https://play.hrytsko.com/?utm_source=bluesky&utm_medium=warm&utm_campaign=proofofplay&utm_content=day-21-tomorrow#upcoming-title
#ProofOfPlay",https://play.hrytsko.com/?utm_source=bluesky&utm_medium=warm&utm_campaign=proofofplay&utm_content=day-21-tomorrow#upcoming-title,,day-21 tomorrow warm provisional
2026-10-21,19:00,Threads,en,today,21 Cable Bet,"Cable Bet — Connect same-coloured nodes, choosing the pairs and the routes, inside one shared cable budget.

https://play.hrytsko.com/cable-bet/?utm_source=threads&utm_medium=warm&utm_campaign=proofofplay&utm_content=day-21-today
#ProofOfPlay",https://play.hrytsko.com/cable-bet/?utm_source=threads&utm_medium=warm&utm_campaign=proofofplay&utm_content=day-21-today,clips/21.mp4,day-21 today warm provisional
2026-10-20,21:00,Threads,en,tomorrow,21 Cable Bet,"One cable for every connection. The short route for one pair blocks the road for another.

Tomorrow on the site.
https://play.hrytsko.com/?utm_source=threads&utm_medium=warm&utm_campaign=proofofplay&utm_content=day-21-tomorrow#upcoming-title
#ProofOfPlay",https://play.hrytsko.com/?utm_source=threads&utm_medium=warm&utm_campaign=proofofplay&utm_content=day-21-tomorrow#upcoming-title,,day-21 tomorrow warm provisional
2026-10-21,19:00,LinkedIn,en,today,21 Cable Bet,"Cable Bet — Connect same-coloured nodes, choosing the pairs and the routes, inside one shared cable budget.

https://play.hrytsko.com/cable-bet/?utm_source=linkedin&utm_medium=warm&utm_campaign=proofofplay&utm_content=day-21-today
#ProofOfPlay",https://play.hrytsko.com/cable-bet/?utm_source=linkedin&utm_medium=warm&utm_campaign=proofofplay&utm_content=day-21-today,clips/21.mp4,day-21 today warm provisional
2026-10-20,21:00,LinkedIn,en,tomorrow,21 Cable Bet,"One cable for every connection. The short route for one pair blocks the road for another.

Tomorrow on the site.
https://play.hrytsko.com/?utm_source=linkedin&utm_medium=warm&utm_campaign=proofofplay&utm_content=day-21-tomorrow#upcoming-title
#ProofOfPlay",https://play.hrytsko.com/?utm_source=linkedin&utm_medium=warm&utm_campaign=proofofplay&utm_content=day-21-tomorrow#upcoming-title,,day-21 tomorrow warm provisional
2026-10-21,19:00,Telegram,ru,today,21 Кабель на ставку,"Кабель на ставку — Соединяй узлы одного цвета, сам выбирай пары и маршруты и уложись в общий запас кабеля, не перекрыв дорогу оставшимся соединениям.

https://play.hrytsko.com/cable-bet/?utm_source=telegram&utm_medium=warm&utm_campaign=proofofplay&utm_content=day-21-today
#ProofOfPlay",https://play.hrytsko.com/cable-bet/?utm_source=telegram&utm_medium=warm&utm_campaign=proofofplay&utm_content=day-21-today,clips/21.mp4,day-21 today warm provisional
2026-10-20,21:00,Telegram,ru,tomorrow,21 Кабель на ставку,"Кабель один на все соединения. Короткий путь для одной пары перекрывает дорогу другой.

Завтра на сайте.
https://play.hrytsko.com/?utm_source=telegram&utm_medium=warm&utm_campaign=proofofplay&utm_content=day-21-tomorrow#upcoming-title
#ProofOfPlay",https://play.hrytsko.com/?utm_source=telegram&utm_medium=warm&utm_campaign=proofofplay&utm_content=day-21-tomorrow#upcoming-title,,day-21 tomorrow warm provisional
2026-10-22,19:00,TikTok,en,today,22 Screw Budget,"Screw Budget — Spend from one shared budget of turns. Freeing a part doesn't mean removing every screw holding it.

https://play.hrytsko.com/screw-budget/?utm_source=tiktok&utm_medium=cold&utm_campaign=proofofplay&utm_content=day-22-today
#ProofOfPlay",https://play.hrytsko.com/screw-budget/?utm_source=tiktok&utm_medium=cold&utm_campaign=proofofplay&utm_content=day-22-today,clips/22.mp4,day-22 today cold provisional
2026-10-21,21:00,TikTok,en,tomorrow,22 Screw Budget,"Turns are scarce. The good news: half those screws don't need to come out at all.

Tomorrow on the site.
https://play.hrytsko.com/?utm_source=tiktok&utm_medium=cold&utm_campaign=proofofplay&utm_content=day-22-tomorrow#upcoming-title
#ProofOfPlay",https://play.hrytsko.com/?utm_source=tiktok&utm_medium=cold&utm_campaign=proofofplay&utm_content=day-22-tomorrow#upcoming-title,,day-22 tomorrow cold provisional
2026-10-22,19:00,YouTube Shorts,en,today,22 Screw Budget,"Screw Budget — Spend from one shared budget of turns. Freeing a part doesn't mean removing every screw holding it.

https://play.hrytsko.com/screw-budget/?utm_source=youtube&utm_medium=cold&utm_campaign=proofofplay&utm_content=day-22-today
#ProofOfPlay",https://play.hrytsko.com/screw-budget/?utm_source=youtube&utm_medium=cold&utm_campaign=proofofplay&utm_content=day-22-today,clips/22.mp4,day-22 today cold provisional
2026-10-21,21:00,YouTube Shorts,en,tomorrow,22 Screw Budget,"Turns are scarce. The good news: half those screws don't need to come out at all.

Tomorrow on the site.
https://play.hrytsko.com/?utm_source=youtube&utm_medium=cold&utm_campaign=proofofplay&utm_content=day-22-tomorrow#upcoming-title
#ProofOfPlay",https://play.hrytsko.com/?utm_source=youtube&utm_medium=cold&utm_campaign=proofofplay&utm_content=day-22-tomorrow#upcoming-title,,day-22 tomorrow cold provisional
2026-10-22,19:00,Instagram,en,today,22 Screw Budget,"Screw Budget — Spend from one shared budget of turns. Freeing a part doesn't mean removing every screw holding it.

https://play.hrytsko.com/screw-budget/?utm_source=instagram&utm_medium=cold&utm_campaign=proofofplay&utm_content=day-22-today
#ProofOfPlay",https://play.hrytsko.com/screw-budget/?utm_source=instagram&utm_medium=cold&utm_campaign=proofofplay&utm_content=day-22-today,clips/22.mp4,day-22 today cold provisional
2026-10-21,21:00,Instagram,en,tomorrow,22 Screw Budget,"Turns are scarce. The good news: half those screws don't need to come out at all.

Tomorrow on the site.
https://play.hrytsko.com/?utm_source=instagram&utm_medium=cold&utm_campaign=proofofplay&utm_content=day-22-tomorrow#upcoming-title
#ProofOfPlay",https://play.hrytsko.com/?utm_source=instagram&utm_medium=cold&utm_campaign=proofofplay&utm_content=day-22-tomorrow#upcoming-title,,day-22 tomorrow cold provisional
2026-10-22,19:00,X,en,today,22 Screw Budget,"Screw Budget — Spend from one shared budget of turns. Freeing a part doesn't mean removing every screw holding it.

https://play.hrytsko.com/screw-budget/?utm_source=x&utm_medium=warm&utm_campaign=proofofplay&utm_content=day-22-today
#ProofOfPlay",https://play.hrytsko.com/screw-budget/?utm_source=x&utm_medium=warm&utm_campaign=proofofplay&utm_content=day-22-today,clips/22.mp4,day-22 today warm provisional
2026-10-21,21:00,X,en,tomorrow,22 Screw Budget,"Turns are scarce. The good news: half those screws don't need to come out at all.

Tomorrow on the site.
https://play.hrytsko.com/?utm_source=x&utm_medium=warm&utm_campaign=proofofplay&utm_content=day-22-tomorrow#upcoming-title
#ProofOfPlay",https://play.hrytsko.com/?utm_source=x&utm_medium=warm&utm_campaign=proofofplay&utm_content=day-22-tomorrow#upcoming-title,,day-22 tomorrow warm provisional
2026-10-22,19:00,Bluesky,en,today,22 Screw Budget,"Screw Budget — Spend from one shared budget of turns. Freeing a part doesn't mean removing every screw holding it.

https://play.hrytsko.com/screw-budget/?utm_source=bluesky&utm_medium=warm&utm_campaign=proofofplay&utm_content=day-22-today
#ProofOfPlay",https://play.hrytsko.com/screw-budget/?utm_source=bluesky&utm_medium=warm&utm_campaign=proofofplay&utm_content=day-22-today,clips/22.mp4,day-22 today warm provisional
2026-10-21,21:00,Bluesky,en,tomorrow,22 Screw Budget,"Turns are scarce. The good news: half those screws don't need to come out at all.

Tomorrow on the site.
https://play.hrytsko.com/?utm_source=bluesky&utm_medium=warm&utm_campaign=proofofplay&utm_content=day-22-tomorrow#upcoming-title
#ProofOfPlay",https://play.hrytsko.com/?utm_source=bluesky&utm_medium=warm&utm_campaign=proofofplay&utm_content=day-22-tomorrow#upcoming-title,,day-22 tomorrow warm provisional
2026-10-22,19:00,Threads,en,today,22 Screw Budget,"Screw Budget — Spend from one shared budget of turns. Freeing a part doesn't mean removing every screw holding it.

https://play.hrytsko.com/screw-budget/?utm_source=threads&utm_medium=warm&utm_campaign=proofofplay&utm_content=day-22-today
#ProofOfPlay",https://play.hrytsko.com/screw-budget/?utm_source=threads&utm_medium=warm&utm_campaign=proofofplay&utm_content=day-22-today,clips/22.mp4,day-22 today warm provisional
2026-10-21,21:00,Threads,en,tomorrow,22 Screw Budget,"Turns are scarce. The good news: half those screws don't need to come out at all.

Tomorrow on the site.
https://play.hrytsko.com/?utm_source=threads&utm_medium=warm&utm_campaign=proofofplay&utm_content=day-22-tomorrow#upcoming-title
#ProofOfPlay",https://play.hrytsko.com/?utm_source=threads&utm_medium=warm&utm_campaign=proofofplay&utm_content=day-22-tomorrow#upcoming-title,,day-22 tomorrow warm provisional
2026-10-22,19:00,LinkedIn,en,today,22 Screw Budget,"Screw Budget — Spend from one shared budget of turns. Freeing a part doesn't mean removing every screw holding it.

https://play.hrytsko.com/screw-budget/?utm_source=linkedin&utm_medium=warm&utm_campaign=proofofplay&utm_content=day-22-today
#ProofOfPlay",https://play.hrytsko.com/screw-budget/?utm_source=linkedin&utm_medium=warm&utm_campaign=proofofplay&utm_content=day-22-today,clips/22.mp4,day-22 today warm provisional
2026-10-21,21:00,LinkedIn,en,tomorrow,22 Screw Budget,"Turns are scarce. The good news: half those screws don't need to come out at all.

Tomorrow on the site.
https://play.hrytsko.com/?utm_source=linkedin&utm_medium=warm&utm_campaign=proofofplay&utm_content=day-22-tomorrow#upcoming-title
#ProofOfPlay",https://play.hrytsko.com/?utm_source=linkedin&utm_medium=warm&utm_campaign=proofofplay&utm_content=day-22-tomorrow#upcoming-title,,day-22 tomorrow warm provisional
2026-10-22,19:00,Telegram,ru,today,22 Запас крутей,"Запас крутей — Откручивай доступные винты, тратя общий запас крутей; чтобы снять деталь, достаточно освободить нужное число креплений, поэтому дорогие винты иногда выгоднее вообще не трогать.

https://play.hrytsko.com/screw-budget/?utm_source=telegram&utm_medium=warm&utm_campaign=proofofplay&utm_content=day-22-today
#ProofOfPlay",https://play.hrytsko.com/screw-budget/?utm_source=telegram&utm_medium=warm&utm_campaign=proofofplay&utm_content=day-22-today,clips/22.mp4,day-22 today warm provisional
2026-10-21,21:00,Telegram,ru,tomorrow,22 Запас крутей,"Крутей мало. Хорошая новость: половину винтов можно вообще не откручивать.

Завтра на сайте.
https://play.hrytsko.com/?utm_source=telegram&utm_medium=warm&utm_campaign=proofofplay&utm_content=day-22-tomorrow#upcoming-title
#ProofOfPlay",https://play.hrytsko.com/?utm_source=telegram&utm_medium=warm&utm_campaign=proofofplay&utm_content=day-22-tomorrow#upcoming-title,,day-22 tomorrow warm provisional
2026-10-23,19:00,TikTok,en,today,23 Skip,"Skip — Sort the queue into a handful of boxes. One awkward item can go to the back—once.

https://play.hrytsko.com/skip/?utm_source=tiktok&utm_medium=cold&utm_campaign=proofofplay&utm_content=day-23-today
#ProofOfPlay",https://play.hrytsko.com/skip/?utm_source=tiktok&utm_medium=cold&utm_campaign=proofofplay&utm_content=day-23-today,clips/23.mp4,day-23 today cold provisional
2026-10-22,21:00,TikTok,en,tomorrow,23 Skip,"Once per level you get to say 'not now'. It comes back, and then you have to place it.

Tomorrow on the site.
https://play.hrytsko.com/?utm_source=tiktok&utm_medium=cold&utm_campaign=proofofplay&utm_content=day-23-tomorrow#upcoming-title
#ProofOfPlay",https://play.hrytsko.com/?utm_source=tiktok&utm_medium=cold&utm_campaign=proofofplay&utm_content=day-23-tomorrow#upcoming-title,,day-23 tomorrow cold provisional
2026-10-23,19:00,YouTube Shorts,en,today,23 Skip,"Skip — Sort the queue into a handful of boxes. One awkward item can go to the back—once.

https://play.hrytsko.com/skip/?utm_source=youtube&utm_medium=cold&utm_campaign=proofofplay&utm_content=day-23-today
#ProofOfPlay",https://play.hrytsko.com/skip/?utm_source=youtube&utm_medium=cold&utm_campaign=proofofplay&utm_content=day-23-today,clips/23.mp4,day-23 today cold provisional
2026-10-22,21:00,YouTube Shorts,en,tomorrow,23 Skip,"Once per level you get to say 'not now'. It comes back, and then you have to place it.

Tomorrow on the site.
https://play.hrytsko.com/?utm_source=youtube&utm_medium=cold&utm_campaign=proofofplay&utm_content=day-23-tomorrow#upcoming-title
#ProofOfPlay",https://play.hrytsko.com/?utm_source=youtube&utm_medium=cold&utm_campaign=proofofplay&utm_content=day-23-tomorrow#upcoming-title,,day-23 tomorrow cold provisional
2026-10-23,19:00,Instagram,en,today,23 Skip,"Skip — Sort the queue into a handful of boxes. One awkward item can go to the back—once.

https://play.hrytsko.com/skip/?utm_source=instagram&utm_medium=cold&utm_campaign=proofofplay&utm_content=day-23-today
#ProofOfPlay",https://play.hrytsko.com/skip/?utm_source=instagram&utm_medium=cold&utm_campaign=proofofplay&utm_content=day-23-today,clips/23.mp4,day-23 today cold provisional
2026-10-22,21:00,Instagram,en,tomorrow,23 Skip,"Once per level you get to say 'not now'. It comes back, and then you have to place it.

Tomorrow on the site.
https://play.hrytsko.com/?utm_source=instagram&utm_medium=cold&utm_campaign=proofofplay&utm_content=day-23-tomorrow#upcoming-title
#ProofOfPlay",https://play.hrytsko.com/?utm_source=instagram&utm_medium=cold&utm_campaign=proofofplay&utm_content=day-23-tomorrow#upcoming-title,,day-23 tomorrow cold provisional
2026-10-23,19:00,X,en,today,23 Skip,"Skip — Sort the queue into a handful of boxes. One awkward item can go to the back—once.

https://play.hrytsko.com/skip/?utm_source=x&utm_medium=warm&utm_campaign=proofofplay&utm_content=day-23-today
#ProofOfPlay",https://play.hrytsko.com/skip/?utm_source=x&utm_medium=warm&utm_campaign=proofofplay&utm_content=day-23-today,clips/23.mp4,day-23 today warm provisional
2026-10-22,21:00,X,en,tomorrow,23 Skip,"Once per level you get to say 'not now'. It comes back, and then you have to place it.

Tomorrow on the site.
https://play.hrytsko.com/?utm_source=x&utm_medium=warm&utm_campaign=proofofplay&utm_content=day-23-tomorrow#upcoming-title
#ProofOfPlay",https://play.hrytsko.com/?utm_source=x&utm_medium=warm&utm_campaign=proofofplay&utm_content=day-23-tomorrow#upcoming-title,,day-23 tomorrow warm provisional
2026-10-23,19:00,Bluesky,en,today,23 Skip,"Skip — Sort the queue into a handful of boxes. One awkward item can go to the back—once.

https://play.hrytsko.com/skip/?utm_source=bluesky&utm_medium=warm&utm_campaign=proofofplay&utm_content=day-23-today
#ProofOfPlay",https://play.hrytsko.com/skip/?utm_source=bluesky&utm_medium=warm&utm_campaign=proofofplay&utm_content=day-23-today,clips/23.mp4,day-23 today warm provisional
2026-10-22,21:00,Bluesky,en,tomorrow,23 Skip,"Once per level you get to say 'not now'. It comes back, and then you have to place it.

Tomorrow on the site.
https://play.hrytsko.com/?utm_source=bluesky&utm_medium=warm&utm_campaign=proofofplay&utm_content=day-23-tomorrow#upcoming-title
#ProofOfPlay",https://play.hrytsko.com/?utm_source=bluesky&utm_medium=warm&utm_campaign=proofofplay&utm_content=day-23-tomorrow#upcoming-title,,day-23 tomorrow warm provisional
2026-10-23,19:00,Threads,en,today,23 Skip,"Skip — Sort the queue into a handful of boxes. One awkward item can go to the back—once.

https://play.hrytsko.com/skip/?utm_source=threads&utm_medium=warm&utm_campaign=proofofplay&utm_content=day-23-today
#ProofOfPlay",https://play.hrytsko.com/skip/?utm_source=threads&utm_medium=warm&utm_campaign=proofofplay&utm_content=day-23-today,clips/23.mp4,day-23 today warm provisional
2026-10-22,21:00,Threads,en,tomorrow,23 Skip,"Once per level you get to say 'not now'. It comes back, and then you have to place it.

Tomorrow on the site.
https://play.hrytsko.com/?utm_source=threads&utm_medium=warm&utm_campaign=proofofplay&utm_content=day-23-tomorrow#upcoming-title
#ProofOfPlay",https://play.hrytsko.com/?utm_source=threads&utm_medium=warm&utm_campaign=proofofplay&utm_content=day-23-tomorrow#upcoming-title,,day-23 tomorrow warm provisional
2026-10-23,19:00,LinkedIn,en,today,23 Skip,"Skip — Sort the queue into a handful of boxes. One awkward item can go to the back—once.

https://play.hrytsko.com/skip/?utm_source=linkedin&utm_medium=warm&utm_campaign=proofofplay&utm_content=day-23-today
#ProofOfPlay",https://play.hrytsko.com/skip/?utm_source=linkedin&utm_medium=warm&utm_campaign=proofofplay&utm_content=day-23-today,clips/23.mp4,day-23 today warm provisional
2026-10-22,21:00,LinkedIn,en,tomorrow,23 Skip,"Once per level you get to say 'not now'. It comes back, and then you have to place it.

Tomorrow on the site.
https://play.hrytsko.com/?utm_source=linkedin&utm_medium=warm&utm_campaign=proofofplay&utm_content=day-23-tomorrow#upcoming-title
#ProofOfPlay",https://play.hrytsko.com/?utm_source=linkedin&utm_medium=warm&utm_campaign=proofofplay&utm_content=day-23-tomorrow#upcoming-title,,day-23 tomorrow warm provisional
2026-10-23,19:00,Telegram,ru,today,23 Пропусти,"Пропусти — Раскладывай предметы из очереди по ограниченному числу ящиков; неудобный предмет можно один раз отправить в конец очереди, но когда он вернётся, его уже придётся разместить.

https://play.hrytsko.com/skip/?utm_source=telegram&utm_medium=warm&utm_campaign=proofofplay&utm_content=day-23-today
#ProofOfPlay",https://play.hrytsko.com/skip/?utm_source=telegram&utm_medium=warm&utm_campaign=proofofplay&utm_content=day-23-today,clips/23.mp4,day-23 today warm provisional
2026-10-22,21:00,Telegram,ru,tomorrow,23 Пропусти,"Один раз за уровень можно сказать «не сейчас». Предмет вернётся, и разместить его придётся.

Завтра на сайте.
https://play.hrytsko.com/?utm_source=telegram&utm_medium=warm&utm_campaign=proofofplay&utm_content=day-23-tomorrow#upcoming-title
#ProofOfPlay",https://play.hrytsko.com/?utm_source=telegram&utm_medium=warm&utm_campaign=proofofplay&utm_content=day-23-tomorrow#upcoming-title,,day-23 tomorrow warm provisional
2026-10-24,19:00,TikTok,en,today,24 By Touch,"By Touch — Read the edge numbers to work out where the treasure is, place the round's pieces, bank before it burns.

https://play.hrytsko.com/by-touch/?utm_source=tiktok&utm_medium=cold&utm_campaign=proofofplay&utm_content=day-24-today
#ProofOfPlay",https://play.hrytsko.com/by-touch/?utm_source=tiktok&utm_medium=cold&utm_campaign=proofofplay&utm_content=day-24-today,clips/24.mp4,day-24 today cold provisional
2026-10-23,21:00,TikTok,en,tomorrow,24 By Touch,"The edge numbers say how much is hidden in each row. Where exactly is yours to find out.

Tomorrow on the site.
https://play.hrytsko.com/?utm_source=tiktok&utm_medium=cold&utm_campaign=proofofplay&utm_content=day-24-tomorrow#upcoming-title
#ProofOfPlay",https://play.hrytsko.com/?utm_source=tiktok&utm_medium=cold&utm_campaign=proofofplay&utm_content=day-24-tomorrow#upcoming-title,,day-24 tomorrow cold provisional
2026-10-24,19:00,YouTube Shorts,en,today,24 By Touch,"By Touch — Read the edge numbers to work out where the treasure is, place the round's pieces, bank before it burns.

https://play.hrytsko.com/by-touch/?utm_source=youtube&utm_medium=cold&utm_campaign=proofofplay&utm_content=day-24-today
#ProofOfPlay",https://play.hrytsko.com/by-touch/?utm_source=youtube&utm_medium=cold&utm_campaign=proofofplay&utm_content=day-24-today,clips/24.mp4,day-24 today cold provisional
2026-10-23,21:00,YouTube Shorts,en,tomorrow,24 By Touch,"The edge numbers say how much is hidden in each row. Where exactly is yours to find out.

Tomorrow on the site.
https://play.hrytsko.com/?utm_source=youtube&utm_medium=cold&utm_campaign=proofofplay&utm_content=day-24-tomorrow#upcoming-title
#ProofOfPlay",https://play.hrytsko.com/?utm_source=youtube&utm_medium=cold&utm_campaign=proofofplay&utm_content=day-24-tomorrow#upcoming-title,,day-24 tomorrow cold provisional
2026-10-24,19:00,Instagram,en,today,24 By Touch,"By Touch — Read the edge numbers to work out where the treasure is, place the round's pieces, bank before it burns.

https://play.hrytsko.com/by-touch/?utm_source=instagram&utm_medium=cold&utm_campaign=proofofplay&utm_content=day-24-today
#ProofOfPlay",https://play.hrytsko.com/by-touch/?utm_source=instagram&utm_medium=cold&utm_campaign=proofofplay&utm_content=day-24-today,clips/24.mp4,day-24 today cold provisional
2026-10-23,21:00,Instagram,en,tomorrow,24 By Touch,"The edge numbers say how much is hidden in each row. Where exactly is yours to find out.

Tomorrow on the site.
https://play.hrytsko.com/?utm_source=instagram&utm_medium=cold&utm_campaign=proofofplay&utm_content=day-24-tomorrow#upcoming-title
#ProofOfPlay",https://play.hrytsko.com/?utm_source=instagram&utm_medium=cold&utm_campaign=proofofplay&utm_content=day-24-tomorrow#upcoming-title,,day-24 tomorrow cold provisional
2026-10-24,19:00,X,en,today,24 By Touch,"By Touch — Read the edge numbers to work out where the treasure is, place the round's pieces, bank before it burns.

https://play.hrytsko.com/by-touch/?utm_source=x&utm_medium=warm&utm_campaign=proofofplay&utm_content=day-24-today
#ProofOfPlay",https://play.hrytsko.com/by-touch/?utm_source=x&utm_medium=warm&utm_campaign=proofofplay&utm_content=day-24-today,clips/24.mp4,day-24 today warm provisional
2026-10-23,21:00,X,en,tomorrow,24 By Touch,"The edge numbers say how much is hidden in each row. Where exactly is yours to find out.

Tomorrow on the site.
https://play.hrytsko.com/?utm_source=x&utm_medium=warm&utm_campaign=proofofplay&utm_content=day-24-tomorrow#upcoming-title
#ProofOfPlay",https://play.hrytsko.com/?utm_source=x&utm_medium=warm&utm_campaign=proofofplay&utm_content=day-24-tomorrow#upcoming-title,,day-24 tomorrow warm provisional
2026-10-24,19:00,Bluesky,en,today,24 By Touch,"By Touch — Read the edge numbers to work out where the treasure is, place the round's pieces, bank before it burns.

https://play.hrytsko.com/by-touch/?utm_source=bluesky&utm_medium=warm&utm_campaign=proofofplay&utm_content=day-24-today
#ProofOfPlay",https://play.hrytsko.com/by-touch/?utm_source=bluesky&utm_medium=warm&utm_campaign=proofofplay&utm_content=day-24-today,clips/24.mp4,day-24 today warm provisional
2026-10-23,21:00,Bluesky,en,tomorrow,24 By Touch,"The edge numbers say how much is hidden in each row. Where exactly is yours to find out.

Tomorrow on the site.
https://play.hrytsko.com/?utm_source=bluesky&utm_medium=warm&utm_campaign=proofofplay&utm_content=day-24-tomorrow#upcoming-title
#ProofOfPlay",https://play.hrytsko.com/?utm_source=bluesky&utm_medium=warm&utm_campaign=proofofplay&utm_content=day-24-tomorrow#upcoming-title,,day-24 tomorrow warm provisional
2026-10-24,19:00,Threads,en,today,24 By Touch,"By Touch — Read the edge numbers to work out where the treasure is, place the round's pieces, bank before it burns.

https://play.hrytsko.com/by-touch/?utm_source=threads&utm_medium=warm&utm_campaign=proofofplay&utm_content=day-24-today
#ProofOfPlay",https://play.hrytsko.com/by-touch/?utm_source=threads&utm_medium=warm&utm_campaign=proofofplay&utm_content=day-24-today,clips/24.mp4,day-24 today warm provisional
2026-10-23,21:00,Threads,en,tomorrow,24 By Touch,"The edge numbers say how much is hidden in each row. Where exactly is yours to find out.

Tomorrow on the site.
https://play.hrytsko.com/?utm_source=threads&utm_medium=warm&utm_campaign=proofofplay&utm_content=day-24-tomorrow#upcoming-title
#ProofOfPlay",https://play.hrytsko.com/?utm_source=threads&utm_medium=warm&utm_campaign=proofofplay&utm_content=day-24-tomorrow#upcoming-title,,day-24 tomorrow warm provisional
2026-10-24,19:00,LinkedIn,en,today,24 By Touch,"By Touch — Read the edge numbers to work out where the treasure is, place the round's pieces, bank before it burns.

https://play.hrytsko.com/by-touch/?utm_source=linkedin&utm_medium=warm&utm_campaign=proofofplay&utm_content=day-24-today
#ProofOfPlay",https://play.hrytsko.com/by-touch/?utm_source=linkedin&utm_medium=warm&utm_campaign=proofofplay&utm_content=day-24-today,clips/24.mp4,day-24 today warm provisional
2026-10-23,21:00,LinkedIn,en,tomorrow,24 By Touch,"The edge numbers say how much is hidden in each row. Where exactly is yours to find out.

Tomorrow on the site.
https://play.hrytsko.com/?utm_source=linkedin&utm_medium=warm&utm_campaign=proofofplay&utm_content=day-24-tomorrow#upcoming-title
#ProofOfPlay",https://play.hrytsko.com/?utm_source=linkedin&utm_medium=warm&utm_campaign=proofofplay&utm_content=day-24-tomorrow#upcoming-title,,day-24 tomorrow warm provisional
2026-10-24,19:00,Telegram,ru,today,24 Наощупь,"Наощупь — По цифрам на краях угадывай расположение ценных клеток, размещай фигуры раунда и забирай очки вовремя — если внутри раунда фигуры перестанут помещаться, незабранное сгорит.

https://play.hrytsko.com/by-touch/?utm_source=telegram&utm_medium=warm&utm_campaign=proofofplay&utm_content=day-24-today
#ProofOfPlay",https://play.hrytsko.com/by-touch/?utm_source=telegram&utm_medium=warm&utm_campaign=proofofplay&utm_content=day-24-today,clips/24.mp4,day-24 today warm provisional
2026-10-23,21:00,Telegram,ru,tomorrow,24 Наощупь,"Числа по краям говорят, сколько ценного в строке. Где именно — выясняешь фигурами.

Завтра на сайте.
https://play.hrytsko.com/?utm_source=telegram&utm_medium=warm&utm_campaign=proofofplay&utm_content=day-24-tomorrow#upcoming-title
#ProofOfPlay",https://play.hrytsko.com/?utm_source=telegram&utm_medium=warm&utm_campaign=proofofplay&utm_content=day-24-tomorrow#upcoming-title,,day-24 tomorrow warm provisional
2026-10-25,19:00,TikTok,en,today,25 The Order,"The Order — Pick one of three pieces—the game places it for you, as low and as far left as it fits. You see where first.

https://play.hrytsko.com/order/?utm_source=tiktok&utm_medium=cold&utm_campaign=proofofplay&utm_content=day-25-today
#ProofOfPlay",https://play.hrytsko.com/order/?utm_source=tiktok&utm_medium=cold&utm_campaign=proofofplay&utm_content=day-25-today,clips/25.mp4,day-25 today cold provisional
2026-10-24,21:00,TikTok,en,tomorrow,25 The Order,"You pick the piece. The game picks the spot—and shows you the spot before you pick.

Tomorrow on the site.
https://play.hrytsko.com/?utm_source=tiktok&utm_medium=cold&utm_campaign=proofofplay&utm_content=day-25-tomorrow#upcoming-title
#ProofOfPlay",https://play.hrytsko.com/?utm_source=tiktok&utm_medium=cold&utm_campaign=proofofplay&utm_content=day-25-tomorrow#upcoming-title,,day-25 tomorrow cold provisional
2026-10-25,19:00,YouTube Shorts,en,today,25 The Order,"The Order — Pick one of three pieces—the game places it for you, as low and as far left as it fits. You see where first.

https://play.hrytsko.com/order/?utm_source=youtube&utm_medium=cold&utm_campaign=proofofplay&utm_content=day-25-today
#ProofOfPlay",https://play.hrytsko.com/order/?utm_source=youtube&utm_medium=cold&utm_campaign=proofofplay&utm_content=day-25-today,clips/25.mp4,day-25 today cold provisional
2026-10-24,21:00,YouTube Shorts,en,tomorrow,25 The Order,"You pick the piece. The game picks the spot—and shows you the spot before you pick.

Tomorrow on the site.
https://play.hrytsko.com/?utm_source=youtube&utm_medium=cold&utm_campaign=proofofplay&utm_content=day-25-tomorrow#upcoming-title
#ProofOfPlay",https://play.hrytsko.com/?utm_source=youtube&utm_medium=cold&utm_campaign=proofofplay&utm_content=day-25-tomorrow#upcoming-title,,day-25 tomorrow cold provisional
2026-10-25,19:00,Instagram,en,today,25 The Order,"The Order — Pick one of three pieces—the game places it for you, as low and as far left as it fits. You see where first.

https://play.hrytsko.com/order/?utm_source=instagram&utm_medium=cold&utm_campaign=proofofplay&utm_content=day-25-today
#ProofOfPlay",https://play.hrytsko.com/order/?utm_source=instagram&utm_medium=cold&utm_campaign=proofofplay&utm_content=day-25-today,clips/25.mp4,day-25 today cold provisional
2026-10-24,21:00,Instagram,en,tomorrow,25 The Order,"You pick the piece. The game picks the spot—and shows you the spot before you pick.

Tomorrow on the site.
https://play.hrytsko.com/?utm_source=instagram&utm_medium=cold&utm_campaign=proofofplay&utm_content=day-25-tomorrow#upcoming-title
#ProofOfPlay",https://play.hrytsko.com/?utm_source=instagram&utm_medium=cold&utm_campaign=proofofplay&utm_content=day-25-tomorrow#upcoming-title,,day-25 tomorrow cold provisional
2026-10-25,19:00,X,en,today,25 The Order,"The Order — Pick one of three pieces—the game places it for you, as low and as far left as it fits. You see where first.

https://play.hrytsko.com/order/?utm_source=x&utm_medium=warm&utm_campaign=proofofplay&utm_content=day-25-today
#ProofOfPlay",https://play.hrytsko.com/order/?utm_source=x&utm_medium=warm&utm_campaign=proofofplay&utm_content=day-25-today,clips/25.mp4,day-25 today warm provisional
2026-10-24,21:00,X,en,tomorrow,25 The Order,"You pick the piece. The game picks the spot—and shows you the spot before you pick.

Tomorrow on the site.
https://play.hrytsko.com/?utm_source=x&utm_medium=warm&utm_campaign=proofofplay&utm_content=day-25-tomorrow#upcoming-title
#ProofOfPlay",https://play.hrytsko.com/?utm_source=x&utm_medium=warm&utm_campaign=proofofplay&utm_content=day-25-tomorrow#upcoming-title,,day-25 tomorrow warm provisional
2026-10-25,19:00,Bluesky,en,today,25 The Order,"The Order — Pick one of three pieces—the game places it for you, as low and as far left as it fits. You see where first.

https://play.hrytsko.com/order/?utm_source=bluesky&utm_medium=warm&utm_campaign=proofofplay&utm_content=day-25-today
#ProofOfPlay",https://play.hrytsko.com/order/?utm_source=bluesky&utm_medium=warm&utm_campaign=proofofplay&utm_content=day-25-today,clips/25.mp4,day-25 today warm provisional
2026-10-24,21:00,Bluesky,en,tomorrow,25 The Order,"You pick the piece. The game picks the spot—and shows you the spot before you pick.

Tomorrow on the site.
https://play.hrytsko.com/?utm_source=bluesky&utm_medium=warm&utm_campaign=proofofplay&utm_content=day-25-tomorrow#upcoming-title
#ProofOfPlay",https://play.hrytsko.com/?utm_source=bluesky&utm_medium=warm&utm_campaign=proofofplay&utm_content=day-25-tomorrow#upcoming-title,,day-25 tomorrow warm provisional
2026-10-25,19:00,Threads,en,today,25 The Order,"The Order — Pick one of three pieces—the game places it for you, as low and as far left as it fits. You see where first.

https://play.hrytsko.com/order/?utm_source=threads&utm_medium=warm&utm_campaign=proofofplay&utm_content=day-25-today
#ProofOfPlay",https://play.hrytsko.com/order/?utm_source=threads&utm_medium=warm&utm_campaign=proofofplay&utm_content=day-25-today,clips/25.mp4,day-25 today warm provisional
2026-10-24,21:00,Threads,en,tomorrow,25 The Order,"You pick the piece. The game picks the spot—and shows you the spot before you pick.

Tomorrow on the site.
https://play.hrytsko.com/?utm_source=threads&utm_medium=warm&utm_campaign=proofofplay&utm_content=day-25-tomorrow#upcoming-title
#ProofOfPlay",https://play.hrytsko.com/?utm_source=threads&utm_medium=warm&utm_campaign=proofofplay&utm_content=day-25-tomorrow#upcoming-title,,day-25 tomorrow warm provisional
2026-10-25,19:00,LinkedIn,en,today,25 The Order,"The Order — Pick one of three pieces—the game places it for you, as low and as far left as it fits. You see where first.

https://play.hrytsko.com/order/?utm_source=linkedin&utm_medium=warm&utm_campaign=proofofplay&utm_content=day-25-today
#ProofOfPlay",https://play.hrytsko.com/order/?utm_source=linkedin&utm_medium=warm&utm_campaign=proofofplay&utm_content=day-25-today,clips/25.mp4,day-25 today warm provisional
2026-10-24,21:00,LinkedIn,en,tomorrow,25 The Order,"You pick the piece. The game picks the spot—and shows you the spot before you pick.

Tomorrow on the site.
https://play.hrytsko.com/?utm_source=linkedin&utm_medium=warm&utm_campaign=proofofplay&utm_content=day-25-tomorrow#upcoming-title
#ProofOfPlay",https://play.hrytsko.com/?utm_source=linkedin&utm_medium=warm&utm_campaign=proofofplay&utm_content=day-25-tomorrow#upcoming-title,,day-25 tomorrow warm provisional
2026-10-25,19:00,Telegram,ru,today,25 Заказ,"Заказ — Выбирай одну из трёх фигур; игра сама ставит её максимально вниз, а при равенстве — максимально влево. До выбора видно, куда ляжет каждая фигура.

https://play.hrytsko.com/order/?utm_source=telegram&utm_medium=warm&utm_campaign=proofofplay&utm_content=day-25-today
#ProofOfPlay",https://play.hrytsko.com/order/?utm_source=telegram&utm_medium=warm&utm_campaign=proofofplay&utm_content=day-25-today,clips/25.mp4,day-25 today warm provisional
2026-10-24,21:00,Telegram,ru,tomorrow,25 Заказ,"Ты выбираешь фигуру. Место выбирает игра. И показывает его до того, как ты выбрал.

Завтра на сайте.
https://play.hrytsko.com/?utm_source=telegram&utm_medium=warm&utm_campaign=proofofplay&utm_content=day-25-tomorrow#upcoming-title
#ProofOfPlay",https://play.hrytsko.com/?utm_source=telegram&utm_medium=warm&utm_campaign=proofofplay&utm_content=day-25-tomorrow#upcoming-title,,day-25 tomorrow warm provisional
2026-10-26,19:00,TikTok,en,today,26 Shift,"Shift — Shift a whole row or column one cell to line up matches. Whatever falls off the far edge is gone for good.

https://play.hrytsko.com/shift/?utm_source=tiktok&utm_medium=cold&utm_campaign=proofofplay&utm_content=day-26-today
#ProofOfPlay",https://play.hrytsko.com/shift/?utm_source=tiktok&utm_medium=cold&utm_campaign=proofofplay&utm_content=day-26-today,clips/26.mp4,day-26 today cold provisional
2026-10-25,21:00,TikTok,en,tomorrow,26 Shift,"Every shift pushes a block off the edge. Sometimes the one you needed.

Tomorrow on the site.
https://play.hrytsko.com/?utm_source=tiktok&utm_medium=cold&utm_campaign=proofofplay&utm_content=day-26-tomorrow#upcoming-title
#ProofOfPlay",https://play.hrytsko.com/?utm_source=tiktok&utm_medium=cold&utm_campaign=proofofplay&utm_content=day-26-tomorrow#upcoming-title,,day-26 tomorrow cold provisional
2026-10-26,19:00,YouTube Shorts,en,today,26 Shift,"Shift — Shift a whole row or column one cell to line up matches. Whatever falls off the far edge is gone for good.

https://play.hrytsko.com/shift/?utm_source=youtube&utm_medium=cold&utm_campaign=proofofplay&utm_content=day-26-today
#ProofOfPlay",https://play.hrytsko.com/shift/?utm_source=youtube&utm_medium=cold&utm_campaign=proofofplay&utm_content=day-26-today,clips/26.mp4,day-26 today cold provisional
2026-10-25,21:00,YouTube Shorts,en,tomorrow,26 Shift,"Every shift pushes a block off the edge. Sometimes the one you needed.

Tomorrow on the site.
https://play.hrytsko.com/?utm_source=youtube&utm_medium=cold&utm_campaign=proofofplay&utm_content=day-26-tomorrow#upcoming-title
#ProofOfPlay",https://play.hrytsko.com/?utm_source=youtube&utm_medium=cold&utm_campaign=proofofplay&utm_content=day-26-tomorrow#upcoming-title,,day-26 tomorrow cold provisional
2026-10-26,19:00,Instagram,en,today,26 Shift,"Shift — Shift a whole row or column one cell to line up matches. Whatever falls off the far edge is gone for good.

https://play.hrytsko.com/shift/?utm_source=instagram&utm_medium=cold&utm_campaign=proofofplay&utm_content=day-26-today
#ProofOfPlay",https://play.hrytsko.com/shift/?utm_source=instagram&utm_medium=cold&utm_campaign=proofofplay&utm_content=day-26-today,clips/26.mp4,day-26 today cold provisional
2026-10-25,21:00,Instagram,en,tomorrow,26 Shift,"Every shift pushes a block off the edge. Sometimes the one you needed.

Tomorrow on the site.
https://play.hrytsko.com/?utm_source=instagram&utm_medium=cold&utm_campaign=proofofplay&utm_content=day-26-tomorrow#upcoming-title
#ProofOfPlay",https://play.hrytsko.com/?utm_source=instagram&utm_medium=cold&utm_campaign=proofofplay&utm_content=day-26-tomorrow#upcoming-title,,day-26 tomorrow cold provisional
2026-10-26,19:00,X,en,today,26 Shift,"Shift — Shift a whole row or column one cell to line up matches. Whatever falls off the far edge is gone for good.

https://play.hrytsko.com/shift/?utm_source=x&utm_medium=warm&utm_campaign=proofofplay&utm_content=day-26-today
#ProofOfPlay",https://play.hrytsko.com/shift/?utm_source=x&utm_medium=warm&utm_campaign=proofofplay&utm_content=day-26-today,clips/26.mp4,day-26 today warm provisional
2026-10-25,21:00,X,en,tomorrow,26 Shift,"Every shift pushes a block off the edge. Sometimes the one you needed.

Tomorrow on the site.
https://play.hrytsko.com/?utm_source=x&utm_medium=warm&utm_campaign=proofofplay&utm_content=day-26-tomorrow#upcoming-title
#ProofOfPlay",https://play.hrytsko.com/?utm_source=x&utm_medium=warm&utm_campaign=proofofplay&utm_content=day-26-tomorrow#upcoming-title,,day-26 tomorrow warm provisional
2026-10-26,19:00,Bluesky,en,today,26 Shift,"Shift — Shift a whole row or column one cell to line up matches. Whatever falls off the far edge is gone for good.

https://play.hrytsko.com/shift/?utm_source=bluesky&utm_medium=warm&utm_campaign=proofofplay&utm_content=day-26-today
#ProofOfPlay",https://play.hrytsko.com/shift/?utm_source=bluesky&utm_medium=warm&utm_campaign=proofofplay&utm_content=day-26-today,clips/26.mp4,day-26 today warm provisional
2026-10-25,21:00,Bluesky,en,tomorrow,26 Shift,"Every shift pushes a block off the edge. Sometimes the one you needed.

Tomorrow on the site.
https://play.hrytsko.com/?utm_source=bluesky&utm_medium=warm&utm_campaign=proofofplay&utm_content=day-26-tomorrow#upcoming-title
#ProofOfPlay",https://play.hrytsko.com/?utm_source=bluesky&utm_medium=warm&utm_campaign=proofofplay&utm_content=day-26-tomorrow#upcoming-title,,day-26 tomorrow warm provisional
2026-10-26,19:00,Threads,en,today,26 Shift,"Shift — Shift a whole row or column one cell to line up matches. Whatever falls off the far edge is gone for good.

https://play.hrytsko.com/shift/?utm_source=threads&utm_medium=warm&utm_campaign=proofofplay&utm_content=day-26-today
#ProofOfPlay",https://play.hrytsko.com/shift/?utm_source=threads&utm_medium=warm&utm_campaign=proofofplay&utm_content=day-26-today,clips/26.mp4,day-26 today warm provisional
2026-10-25,21:00,Threads,en,tomorrow,26 Shift,"Every shift pushes a block off the edge. Sometimes the one you needed.

Tomorrow on the site.
https://play.hrytsko.com/?utm_source=threads&utm_medium=warm&utm_campaign=proofofplay&utm_content=day-26-tomorrow#upcoming-title
#ProofOfPlay",https://play.hrytsko.com/?utm_source=threads&utm_medium=warm&utm_campaign=proofofplay&utm_content=day-26-tomorrow#upcoming-title,,day-26 tomorrow warm provisional
2026-10-26,19:00,LinkedIn,en,today,26 Shift,"Shift — Shift a whole row or column one cell to line up matches. Whatever falls off the far edge is gone for good.

https://play.hrytsko.com/shift/?utm_source=linkedin&utm_medium=warm&utm_campaign=proofofplay&utm_content=day-26-today
#ProofOfPlay",https://play.hrytsko.com/shift/?utm_source=linkedin&utm_medium=warm&utm_campaign=proofofplay&utm_content=day-26-today,clips/26.mp4,day-26 today warm provisional
2026-10-25,21:00,LinkedIn,en,tomorrow,26 Shift,"Every shift pushes a block off the edge. Sometimes the one you needed.

Tomorrow on the site.
https://play.hrytsko.com/?utm_source=linkedin&utm_medium=warm&utm_campaign=proofofplay&utm_content=day-26-tomorrow#upcoming-title
#ProofOfPlay",https://play.hrytsko.com/?utm_source=linkedin&utm_medium=warm&utm_campaign=proofofplay&utm_content=day-26-tomorrow#upcoming-title,,day-26 tomorrow warm provisional
2026-10-26,19:00,Telegram,ru,today,26 Сдвиг,"Сдвиг — Выбери блок и сдвинь всю его строку или колонку на одну клетку, собирая 2+ одинаковых подряд; если на выходном краю линии стоит блок, он вылетает навсегда.

https://play.hrytsko.com/shift/?utm_source=telegram&utm_medium=warm&utm_campaign=proofofplay&utm_content=day-26-today
#ProofOfPlay",https://play.hrytsko.com/shift/?utm_source=telegram&utm_medium=warm&utm_campaign=proofofplay&utm_content=day-26-today,clips/26.mp4,day-26 today warm provisional
2026-10-25,21:00,Telegram,ru,tomorrow,26 Сдвиг,"Каждый сдвиг выталкивает блок за край. Иногда именно тот, который был нужен.

Завтра на сайте.
https://play.hrytsko.com/?utm_source=telegram&utm_medium=warm&utm_campaign=proofofplay&utm_content=day-26-tomorrow#upcoming-title
#ProofOfPlay",https://play.hrytsko.com/?utm_source=telegram&utm_medium=warm&utm_campaign=proofofplay&utm_content=day-26-tomorrow#upcoming-title,,day-26 tomorrow warm provisional
2026-10-27,19:00,TikTok,en,today,27 Trail,"Trail — Walk the grid and collect what you need. Every cell you leave vanishes for three moves and can cut you off.

https://play.hrytsko.com/trail/?utm_source=tiktok&utm_medium=cold&utm_campaign=proofofplay&utm_content=day-27-today
#ProofOfPlay",https://play.hrytsko.com/trail/?utm_source=tiktok&utm_medium=cold&utm_campaign=proofofplay&utm_content=day-27-today,clips/27.mp4,day-27 today cold provisional
2026-10-26,21:00,TikTok,en,tomorrow,27 Trail,"The cell you step off vanishes for three moves. Your route has to survive your own trail.

Tomorrow on the site.
https://play.hrytsko.com/?utm_source=tiktok&utm_medium=cold&utm_campaign=proofofplay&utm_content=day-27-tomorrow#upcoming-title
#ProofOfPlay",https://play.hrytsko.com/?utm_source=tiktok&utm_medium=cold&utm_campaign=proofofplay&utm_content=day-27-tomorrow#upcoming-title,,day-27 tomorrow cold provisional
2026-10-27,19:00,YouTube Shorts,en,today,27 Trail,"Trail — Walk the grid and collect what you need. Every cell you leave vanishes for three moves and can cut you off.

https://play.hrytsko.com/trail/?utm_source=youtube&utm_medium=cold&utm_campaign=proofofplay&utm_content=day-27-today
#ProofOfPlay",https://play.hrytsko.com/trail/?utm_source=youtube&utm_medium=cold&utm_campaign=proofofplay&utm_content=day-27-today,clips/27.mp4,day-27 today cold provisional
2026-10-26,21:00,YouTube Shorts,en,tomorrow,27 Trail,"The cell you step off vanishes for three moves. Your route has to survive your own trail.

Tomorrow on the site.
https://play.hrytsko.com/?utm_source=youtube&utm_medium=cold&utm_campaign=proofofplay&utm_content=day-27-tomorrow#upcoming-title
#ProofOfPlay",https://play.hrytsko.com/?utm_source=youtube&utm_medium=cold&utm_campaign=proofofplay&utm_content=day-27-tomorrow#upcoming-title,,day-27 tomorrow cold provisional
2026-10-27,19:00,Instagram,en,today,27 Trail,"Trail — Walk the grid and collect what you need. Every cell you leave vanishes for three moves and can cut you off.

https://play.hrytsko.com/trail/?utm_source=instagram&utm_medium=cold&utm_campaign=proofofplay&utm_content=day-27-today
#ProofOfPlay",https://play.hrytsko.com/trail/?utm_source=instagram&utm_medium=cold&utm_campaign=proofofplay&utm_content=day-27-today,clips/27.mp4,day-27 today cold provisional
2026-10-26,21:00,Instagram,en,tomorrow,27 Trail,"The cell you step off vanishes for three moves. Your route has to survive your own trail.

Tomorrow on the site.
https://play.hrytsko.com/?utm_source=instagram&utm_medium=cold&utm_campaign=proofofplay&utm_content=day-27-tomorrow#upcoming-title
#ProofOfPlay",https://play.hrytsko.com/?utm_source=instagram&utm_medium=cold&utm_campaign=proofofplay&utm_content=day-27-tomorrow#upcoming-title,,day-27 tomorrow cold provisional
2026-10-27,19:00,X,en,today,27 Trail,"Trail — Walk the grid and collect what you need. Every cell you leave vanishes for three moves and can cut you off.

https://play.hrytsko.com/trail/?utm_source=x&utm_medium=warm&utm_campaign=proofofplay&utm_content=day-27-today
#ProofOfPlay",https://play.hrytsko.com/trail/?utm_source=x&utm_medium=warm&utm_campaign=proofofplay&utm_content=day-27-today,clips/27.mp4,day-27 today warm provisional
2026-10-26,21:00,X,en,tomorrow,27 Trail,"The cell you step off vanishes for three moves. Your route has to survive your own trail.

Tomorrow on the site.
https://play.hrytsko.com/?utm_source=x&utm_medium=warm&utm_campaign=proofofplay&utm_content=day-27-tomorrow#upcoming-title
#ProofOfPlay",https://play.hrytsko.com/?utm_source=x&utm_medium=warm&utm_campaign=proofofplay&utm_content=day-27-tomorrow#upcoming-title,,day-27 tomorrow warm provisional
2026-10-27,19:00,Bluesky,en,today,27 Trail,"Trail — Walk the grid and collect what you need. Every cell you leave vanishes for three moves and can cut you off.

https://play.hrytsko.com/trail/?utm_source=bluesky&utm_medium=warm&utm_campaign=proofofplay&utm_content=day-27-today
#ProofOfPlay",https://play.hrytsko.com/trail/?utm_source=bluesky&utm_medium=warm&utm_campaign=proofofplay&utm_content=day-27-today,clips/27.mp4,day-27 today warm provisional
2026-10-26,21:00,Bluesky,en,tomorrow,27 Trail,"The cell you step off vanishes for three moves. Your route has to survive your own trail.

Tomorrow on the site.
https://play.hrytsko.com/?utm_source=bluesky&utm_medium=warm&utm_campaign=proofofplay&utm_content=day-27-tomorrow#upcoming-title
#ProofOfPlay",https://play.hrytsko.com/?utm_source=bluesky&utm_medium=warm&utm_campaign=proofofplay&utm_content=day-27-tomorrow#upcoming-title,,day-27 tomorrow warm provisional
2026-10-27,19:00,Threads,en,today,27 Trail,"Trail — Walk the grid and collect what you need. Every cell you leave vanishes for three moves and can cut you off.

https://play.hrytsko.com/trail/?utm_source=threads&utm_medium=warm&utm_campaign=proofofplay&utm_content=day-27-today
#ProofOfPlay",https://play.hrytsko.com/trail/?utm_source=threads&utm_medium=warm&utm_campaign=proofofplay&utm_content=day-27-today,clips/27.mp4,day-27 today warm provisional
2026-10-26,21:00,Threads,en,tomorrow,27 Trail,"The cell you step off vanishes for three moves. Your route has to survive your own trail.

Tomorrow on the site.
https://play.hrytsko.com/?utm_source=threads&utm_medium=warm&utm_campaign=proofofplay&utm_content=day-27-tomorrow#upcoming-title
#ProofOfPlay",https://play.hrytsko.com/?utm_source=threads&utm_medium=warm&utm_campaign=proofofplay&utm_content=day-27-tomorrow#upcoming-title,,day-27 tomorrow warm provisional
2026-10-27,19:00,LinkedIn,en,today,27 Trail,"Trail — Walk the grid and collect what you need. Every cell you leave vanishes for three moves and can cut you off.

https://play.hrytsko.com/trail/?utm_source=linkedin&utm_medium=warm&utm_campaign=proofofplay&utm_content=day-27-today
#ProofOfPlay",https://play.hrytsko.com/trail/?utm_source=linkedin&utm_medium=warm&utm_campaign=proofofplay&utm_content=day-27-today,clips/27.mp4,day-27 today warm provisional
2026-10-26,21:00,LinkedIn,en,tomorrow,27 Trail,"The cell you step off vanishes for three moves. Your route has to survive your own trail.

Tomorrow on the site.
https://play.hrytsko.com/?utm_source=linkedin&utm_medium=warm&utm_campaign=proofofplay&utm_content=day-27-tomorrow#upcoming-title
#ProofOfPlay",https://play.hrytsko.com/?utm_source=linkedin&utm_medium=warm&utm_campaign=proofofplay&utm_content=day-27-tomorrow#upcoming-title,,day-27 tomorrow warm provisional
2026-10-27,19:00,Telegram,ru,today,27 След,"След — Иди по клеткам, собери X/Y/Z в любом порядке и доберись до B, но каждая покинутая клетка исчезает на следующие 3 хода и может отрезать тебе путь.

https://play.hrytsko.com/trail/?utm_source=telegram&utm_medium=warm&utm_campaign=proofofplay&utm_content=day-27-today
#ProofOfPlay",https://play.hrytsko.com/trail/?utm_source=telegram&utm_medium=warm&utm_campaign=proofofplay&utm_content=day-27-today,clips/27.mp4,day-27 today warm provisional
2026-10-26,21:00,Telegram,ru,tomorrow,27 След,"Клетка, с которой ты ушёл, исчезает на три хода. Маршрут должен пережить твой собственный след.

Завтра на сайте.
https://play.hrytsko.com/?utm_source=telegram&utm_medium=warm&utm_campaign=proofofplay&utm_content=day-27-tomorrow#upcoming-title
#ProofOfPlay",https://play.hrytsko.com/?utm_source=telegram&utm_medium=warm&utm_campaign=proofofplay&utm_content=day-27-tomorrow#upcoming-title,,day-27 tomorrow warm provisional
2026-10-28,19:00,TikTok,en,today,28 Ripeness,"Ripeness — Walk to the fruit—every step ages all of it at once. Right on time is 3 points, early 2, late 1.

https://play.hrytsko.com/ripeness/?utm_source=tiktok&utm_medium=cold&utm_campaign=proofofplay&utm_content=day-28-today
#ProofOfPlay",https://play.hrytsko.com/ripeness/?utm_source=tiktok&utm_medium=cold&utm_campaign=proofofplay&utm_content=day-28-today,clips/28.mp4,day-28 today cold provisional
2026-10-27,21:00,TikTok,en,tomorrow,28 Ripeness,"Every step you take is a tick of the clock for the whole garden. The route is the timer.

Tomorrow on the site.
https://play.hrytsko.com/?utm_source=tiktok&utm_medium=cold&utm_campaign=proofofplay&utm_content=day-28-tomorrow#upcoming-title
#ProofOfPlay",https://play.hrytsko.com/?utm_source=tiktok&utm_medium=cold&utm_campaign=proofofplay&utm_content=day-28-tomorrow#upcoming-title,,day-28 tomorrow cold provisional
2026-10-28,19:00,YouTube Shorts,en,today,28 Ripeness,"Ripeness — Walk to the fruit—every step ages all of it at once. Right on time is 3 points, early 2, late 1.

https://play.hrytsko.com/ripeness/?utm_source=youtube&utm_medium=cold&utm_campaign=proofofplay&utm_content=day-28-today
#ProofOfPlay",https://play.hrytsko.com/ripeness/?utm_source=youtube&utm_medium=cold&utm_campaign=proofofplay&utm_content=day-28-today,clips/28.mp4,day-28 today cold provisional
2026-10-27,21:00,YouTube Shorts,en,tomorrow,28 Ripeness,"Every step you take is a tick of the clock for the whole garden. The route is the timer.

Tomorrow on the site.
https://play.hrytsko.com/?utm_source=youtube&utm_medium=cold&utm_campaign=proofofplay&utm_content=day-28-tomorrow#upcoming-title
#ProofOfPlay",https://play.hrytsko.com/?utm_source=youtube&utm_medium=cold&utm_campaign=proofofplay&utm_content=day-28-tomorrow#upcoming-title,,day-28 tomorrow cold provisional
2026-10-28,19:00,Instagram,en,today,28 Ripeness,"Ripeness — Walk to the fruit—every step ages all of it at once. Right on time is 3 points, early 2, late 1.

https://play.hrytsko.com/ripeness/?utm_source=instagram&utm_medium=cold&utm_campaign=proofofplay&utm_content=day-28-today
#ProofOfPlay",https://play.hrytsko.com/ripeness/?utm_source=instagram&utm_medium=cold&utm_campaign=proofofplay&utm_content=day-28-today,clips/28.mp4,day-28 today cold provisional
2026-10-27,21:00,Instagram,en,tomorrow,28 Ripeness,"Every step you take is a tick of the clock for the whole garden. The route is the timer.

Tomorrow on the site.
https://play.hrytsko.com/?utm_source=instagram&utm_medium=cold&utm_campaign=proofofplay&utm_content=day-28-tomorrow#upcoming-title
#ProofOfPlay",https://play.hrytsko.com/?utm_source=instagram&utm_medium=cold&utm_campaign=proofofplay&utm_content=day-28-tomorrow#upcoming-title,,day-28 tomorrow cold provisional
2026-10-28,19:00,X,en,today,28 Ripeness,"Ripeness — Walk to the fruit—every step ages all of it at once. Right on time is 3 points, early 2, late 1.

https://play.hrytsko.com/ripeness/?utm_source=x&utm_medium=warm&utm_campaign=proofofplay&utm_content=day-28-today
#ProofOfPlay",https://play.hrytsko.com/ripeness/?utm_source=x&utm_medium=warm&utm_campaign=proofofplay&utm_content=day-28-today,clips/28.mp4,day-28 today warm provisional
2026-10-27,21:00,X,en,tomorrow,28 Ripeness,"Every step you take is a tick of the clock for the whole garden. The route is the timer.

Tomorrow on the site.
https://play.hrytsko.com/?utm_source=x&utm_medium=warm&utm_campaign=proofofplay&utm_content=day-28-tomorrow#upcoming-title
#ProofOfPlay",https://play.hrytsko.com/?utm_source=x&utm_medium=warm&utm_campaign=proofofplay&utm_content=day-28-tomorrow#upcoming-title,,day-28 tomorrow warm provisional
2026-10-28,19:00,Bluesky,en,today,28 Ripeness,"Ripeness — Walk to the fruit—every step ages all of it at once. Right on time is 3 points, early 2, late 1.

https://play.hrytsko.com/ripeness/?utm_source=bluesky&utm_medium=warm&utm_campaign=proofofplay&utm_content=day-28-today
#ProofOfPlay",https://play.hrytsko.com/ripeness/?utm_source=bluesky&utm_medium=warm&utm_campaign=proofofplay&utm_content=day-28-today,clips/28.mp4,day-28 today warm provisional
2026-10-27,21:00,Bluesky,en,tomorrow,28 Ripeness,"Every step you take is a tick of the clock for the whole garden. The route is the timer.

Tomorrow on the site.
https://play.hrytsko.com/?utm_source=bluesky&utm_medium=warm&utm_campaign=proofofplay&utm_content=day-28-tomorrow#upcoming-title
#ProofOfPlay",https://play.hrytsko.com/?utm_source=bluesky&utm_medium=warm&utm_campaign=proofofplay&utm_content=day-28-tomorrow#upcoming-title,,day-28 tomorrow warm provisional
2026-10-28,19:00,Threads,en,today,28 Ripeness,"Ripeness — Walk to the fruit—every step ages all of it at once. Right on time is 3 points, early 2, late 1.

https://play.hrytsko.com/ripeness/?utm_source=threads&utm_medium=warm&utm_campaign=proofofplay&utm_content=day-28-today
#ProofOfPlay",https://play.hrytsko.com/ripeness/?utm_source=threads&utm_medium=warm&utm_campaign=proofofplay&utm_content=day-28-today,clips/28.mp4,day-28 today warm provisional
2026-10-27,21:00,Threads,en,tomorrow,28 Ripeness,"Every step you take is a tick of the clock for the whole garden. The route is the timer.

Tomorrow on the site.
https://play.hrytsko.com/?utm_source=threads&utm_medium=warm&utm_campaign=proofofplay&utm_content=day-28-tomorrow#upcoming-title
#ProofOfPlay",https://play.hrytsko.com/?utm_source=threads&utm_medium=warm&utm_campaign=proofofplay&utm_content=day-28-tomorrow#upcoming-title,,day-28 tomorrow warm provisional
2026-10-28,19:00,LinkedIn,en,today,28 Ripeness,"Ripeness — Walk to the fruit—every step ages all of it at once. Right on time is 3 points, early 2, late 1.

https://play.hrytsko.com/ripeness/?utm_source=linkedin&utm_medium=warm&utm_campaign=proofofplay&utm_content=day-28-today
#ProofOfPlay",https://play.hrytsko.com/ripeness/?utm_source=linkedin&utm_medium=warm&utm_campaign=proofofplay&utm_content=day-28-today,clips/28.mp4,day-28 today warm provisional
2026-10-27,21:00,LinkedIn,en,tomorrow,28 Ripeness,"Every step you take is a tick of the clock for the whole garden. The route is the timer.

Tomorrow on the site.
https://play.hrytsko.com/?utm_source=linkedin&utm_medium=warm&utm_campaign=proofofplay&utm_content=day-28-tomorrow#upcoming-title
#ProofOfPlay",https://play.hrytsko.com/?utm_source=linkedin&utm_medium=warm&utm_campaign=proofofplay&utm_content=day-28-tomorrow#upcoming-title,,day-28 tomorrow warm provisional
2026-10-28,19:00,Telegram,ru,today,28 Спелость,"Спелость — Ходи по полю к плодам с разным временем созревания: каждый шаг старит все плоды на 1 ход, а плод автоматически собирается при входе на его клетку — раньше срока он стоит 2 очка, ровно в срок 3, после срока 1.

https://play.hrytsko.com/ripeness/?utm_source=telegram&utm_medium=warm&utm_campaign=proofofplay&utm_content=day-28-today
#ProofOfPlay",https://play.hrytsko.com/ripeness/?utm_source=telegram&utm_medium=warm&utm_campaign=proofofplay&utm_content=day-28-today,clips/28.mp4,day-28 today warm provisional
2026-10-27,21:00,Telegram,ru,tomorrow,28 Спелость,"Каждый твой шаг — это ход часов для всего сада. Маршрут и есть таймер.

Завтра на сайте.
https://play.hrytsko.com/?utm_source=telegram&utm_medium=warm&utm_campaign=proofofplay&utm_content=day-28-tomorrow#upcoming-title
#ProofOfPlay",https://play.hrytsko.com/?utm_source=telegram&utm_medium=warm&utm_campaign=proofofplay&utm_content=day-28-tomorrow#upcoming-title,,day-28 tomorrow warm provisional
2026-10-29,19:00,TikTok,en,today,29 Arrow,"Arrow — Put an arrow on any block—then every arrowed block moves at once. Same colours touching disappear.

https://play.hrytsko.com/arrow/?utm_source=tiktok&utm_medium=cold&utm_campaign=proofofplay&utm_content=day-29-today
#ProofOfPlay",https://play.hrytsko.com/arrow/?utm_source=tiktok&utm_medium=cold&utm_campaign=proofofplay&utm_content=day-29-today,clips/29.mp4,day-29 today cold provisional
2026-10-28,21:00,TikTok,en,tomorrow,29 Arrow,"One arrow per move. But every block you ever pointed moves at the same time.

Tomorrow on the site.
https://play.hrytsko.com/?utm_source=tiktok&utm_medium=cold&utm_campaign=proofofplay&utm_content=day-29-tomorrow#upcoming-title
#ProofOfPlay",https://play.hrytsko.com/?utm_source=tiktok&utm_medium=cold&utm_campaign=proofofplay&utm_content=day-29-tomorrow#upcoming-title,,day-29 tomorrow cold provisional
2026-10-29,19:00,YouTube Shorts,en,today,29 Arrow,"Arrow — Put an arrow on any block—then every arrowed block moves at once. Same colours touching disappear.

https://play.hrytsko.com/arrow/?utm_source=youtube&utm_medium=cold&utm_campaign=proofofplay&utm_content=day-29-today
#ProofOfPlay",https://play.hrytsko.com/arrow/?utm_source=youtube&utm_medium=cold&utm_campaign=proofofplay&utm_content=day-29-today,clips/29.mp4,day-29 today cold provisional
2026-10-28,21:00,YouTube Shorts,en,tomorrow,29 Arrow,"One arrow per move. But every block you ever pointed moves at the same time.

Tomorrow on the site.
https://play.hrytsko.com/?utm_source=youtube&utm_medium=cold&utm_campaign=proofofplay&utm_content=day-29-tomorrow#upcoming-title
#ProofOfPlay",https://play.hrytsko.com/?utm_source=youtube&utm_medium=cold&utm_campaign=proofofplay&utm_content=day-29-tomorrow#upcoming-title,,day-29 tomorrow cold provisional
2026-10-29,19:00,Instagram,en,today,29 Arrow,"Arrow — Put an arrow on any block—then every arrowed block moves at once. Same colours touching disappear.

https://play.hrytsko.com/arrow/?utm_source=instagram&utm_medium=cold&utm_campaign=proofofplay&utm_content=day-29-today
#ProofOfPlay",https://play.hrytsko.com/arrow/?utm_source=instagram&utm_medium=cold&utm_campaign=proofofplay&utm_content=day-29-today,clips/29.mp4,day-29 today cold provisional
2026-10-28,21:00,Instagram,en,tomorrow,29 Arrow,"One arrow per move. But every block you ever pointed moves at the same time.

Tomorrow on the site.
https://play.hrytsko.com/?utm_source=instagram&utm_medium=cold&utm_campaign=proofofplay&utm_content=day-29-tomorrow#upcoming-title
#ProofOfPlay",https://play.hrytsko.com/?utm_source=instagram&utm_medium=cold&utm_campaign=proofofplay&utm_content=day-29-tomorrow#upcoming-title,,day-29 tomorrow cold provisional
2026-10-29,19:00,X,en,today,29 Arrow,"Arrow — Put an arrow on any block—then every arrowed block moves at once. Same colours touching disappear.

https://play.hrytsko.com/arrow/?utm_source=x&utm_medium=warm&utm_campaign=proofofplay&utm_content=day-29-today
#ProofOfPlay",https://play.hrytsko.com/arrow/?utm_source=x&utm_medium=warm&utm_campaign=proofofplay&utm_content=day-29-today,clips/29.mp4,day-29 today warm provisional
2026-10-28,21:00,X,en,tomorrow,29 Arrow,"One arrow per move. But every block you ever pointed moves at the same time.

Tomorrow on the site.
https://play.hrytsko.com/?utm_source=x&utm_medium=warm&utm_campaign=proofofplay&utm_content=day-29-tomorrow#upcoming-title
#ProofOfPlay",https://play.hrytsko.com/?utm_source=x&utm_medium=warm&utm_campaign=proofofplay&utm_content=day-29-tomorrow#upcoming-title,,day-29 tomorrow warm provisional
2026-10-29,19:00,Bluesky,en,today,29 Arrow,"Arrow — Put an arrow on any block—then every arrowed block moves at once. Same colours touching disappear.

https://play.hrytsko.com/arrow/?utm_source=bluesky&utm_medium=warm&utm_campaign=proofofplay&utm_content=day-29-today
#ProofOfPlay",https://play.hrytsko.com/arrow/?utm_source=bluesky&utm_medium=warm&utm_campaign=proofofplay&utm_content=day-29-today,clips/29.mp4,day-29 today warm provisional
2026-10-28,21:00,Bluesky,en,tomorrow,29 Arrow,"One arrow per move. But every block you ever pointed moves at the same time.

Tomorrow on the site.
https://play.hrytsko.com/?utm_source=bluesky&utm_medium=warm&utm_campaign=proofofplay&utm_content=day-29-tomorrow#upcoming-title
#ProofOfPlay",https://play.hrytsko.com/?utm_source=bluesky&utm_medium=warm&utm_campaign=proofofplay&utm_content=day-29-tomorrow#upcoming-title,,day-29 tomorrow warm provisional
2026-10-29,19:00,Threads,en,today,29 Arrow,"Arrow — Put an arrow on any block—then every arrowed block moves at once. Same colours touching disappear.

https://play.hrytsko.com/arrow/?utm_source=threads&utm_medium=warm&utm_campaign=proofofplay&utm_content=day-29-today
#ProofOfPlay",https://play.hrytsko.com/arrow/?utm_source=threads&utm_medium=warm&utm_campaign=proofofplay&utm_content=day-29-today,clips/29.mp4,day-29 today warm provisional
2026-10-28,21:00,Threads,en,tomorrow,29 Arrow,"One arrow per move. But every block you ever pointed moves at the same time.

Tomorrow on the site.
https://play.hrytsko.com/?utm_source=threads&utm_medium=warm&utm_campaign=proofofplay&utm_content=day-29-tomorrow#upcoming-title
#ProofOfPlay",https://play.hrytsko.com/?utm_source=threads&utm_medium=warm&utm_campaign=proofofplay&utm_content=day-29-tomorrow#upcoming-title,,day-29 tomorrow warm provisional
2026-10-29,19:00,LinkedIn,en,today,29 Arrow,"Arrow — Put an arrow on any block—then every arrowed block moves at once. Same colours touching disappear.

https://play.hrytsko.com/arrow/?utm_source=linkedin&utm_medium=warm&utm_campaign=proofofplay&utm_content=day-29-today
#ProofOfPlay",https://play.hrytsko.com/arrow/?utm_source=linkedin&utm_medium=warm&utm_campaign=proofofplay&utm_content=day-29-today,clips/29.mp4,day-29 today warm provisional
2026-10-28,21:00,LinkedIn,en,tomorrow,29 Arrow,"One arrow per move. But every block you ever pointed moves at the same time.

Tomorrow on the site.
https://play.hrytsko.com/?utm_source=linkedin&utm_medium=warm&utm_campaign=proofofplay&utm_content=day-29-tomorrow#upcoming-title
#ProofOfPlay",https://play.hrytsko.com/?utm_source=linkedin&utm_medium=warm&utm_campaign=proofofplay&utm_content=day-29-tomorrow#upcoming-title,,day-29 tomorrow warm provisional
2026-10-29,19:00,Telegram,ru,today,29 Стрелка,"Стрелка — Каждый ход выбери одну из двух стрелок и поставь её на любой блок: стрелка задаёт или меняет его направление, после чего все блоки со стрелками одновременно сдвигаются на одну клетку, а соприкоснувшиеся блоки одного цвета исчезают.

https://play.hrytsko.com/arrow/?utm_source=telegram&utm_medium=warm&utm_campaign=proofofplay&utm_content=day-29-today
#ProofOfPlay",https://play.hrytsko.com/arrow/?utm_source=telegram&utm_medium=warm&utm_campaign=proofofplay&utm_content=day-29-today,clips/29.mp4,day-29 today warm provisional
2026-10-28,21:00,Telegram,ru,tomorrow,29 Стрелка,"Одна стрелка за ход. Но двигаются все блоки, которым ты её когда-то поставил.

Завтра на сайте.
https://play.hrytsko.com/?utm_source=telegram&utm_medium=warm&utm_campaign=proofofplay&utm_content=day-29-tomorrow#upcoming-title
#ProofOfPlay",https://play.hrytsko.com/?utm_source=telegram&utm_medium=warm&utm_campaign=proofofplay&utm_content=day-29-tomorrow#upcoming-title,,day-29 tomorrow warm provisional
2026-10-30,19:00,TikTok,en,today,30 Overload,"Overload — Load boxes onto the hook and lift them in batches. Nobody says what the cable holds, and trips are scarce.

https://play.hrytsko.com/overload/?utm_source=tiktok&utm_medium=cold&utm_campaign=proofofplay&utm_content=day-30-today
#ProofOfPlay",https://play.hrytsko.com/overload/?utm_source=tiktok&utm_medium=cold&utm_campaign=proofofplay&utm_content=day-30-today,clips/30.mp4,day-30 today cold provisional
2026-10-29,21:00,TikTok,en,tomorrow,30 Overload,"The green zone always holds. Somewhere in the red it snaps. Nobody tells you where.

Tomorrow on the site.
https://play.hrytsko.com/?utm_source=tiktok&utm_medium=cold&utm_campaign=proofofplay&utm_content=day-30-tomorrow#upcoming-title
#ProofOfPlay",https://play.hrytsko.com/?utm_source=tiktok&utm_medium=cold&utm_campaign=proofofplay&utm_content=day-30-tomorrow#upcoming-title,,day-30 tomorrow cold provisional
2026-10-30,19:00,YouTube Shorts,en,today,30 Overload,"Overload — Load boxes onto the hook and lift them in batches. Nobody says what the cable holds, and trips are scarce.

https://play.hrytsko.com/overload/?utm_source=youtube&utm_medium=cold&utm_campaign=proofofplay&utm_content=day-30-today
#ProofOfPlay",https://play.hrytsko.com/overload/?utm_source=youtube&utm_medium=cold&utm_campaign=proofofplay&utm_content=day-30-today,clips/30.mp4,day-30 today cold provisional
2026-10-29,21:00,YouTube Shorts,en,tomorrow,30 Overload,"The green zone always holds. Somewhere in the red it snaps. Nobody tells you where.

Tomorrow on the site.
https://play.hrytsko.com/?utm_source=youtube&utm_medium=cold&utm_campaign=proofofplay&utm_content=day-30-tomorrow#upcoming-title
#ProofOfPlay",https://play.hrytsko.com/?utm_source=youtube&utm_medium=cold&utm_campaign=proofofplay&utm_content=day-30-tomorrow#upcoming-title,,day-30 tomorrow cold provisional
2026-10-30,19:00,Instagram,en,today,30 Overload,"Overload — Load boxes onto the hook and lift them in batches. Nobody says what the cable holds, and trips are scarce.

https://play.hrytsko.com/overload/?utm_source=instagram&utm_medium=cold&utm_campaign=proofofplay&utm_content=day-30-today
#ProofOfPlay",https://play.hrytsko.com/overload/?utm_source=instagram&utm_medium=cold&utm_campaign=proofofplay&utm_content=day-30-today,clips/30.mp4,day-30 today cold provisional
2026-10-29,21:00,Instagram,en,tomorrow,30 Overload,"The green zone always holds. Somewhere in the red it snaps. Nobody tells you where.

Tomorrow on the site.
https://play.hrytsko.com/?utm_source=instagram&utm_medium=cold&utm_campaign=proofofplay&utm_content=day-30-tomorrow#upcoming-title
#ProofOfPlay",https://play.hrytsko.com/?utm_source=instagram&utm_medium=cold&utm_campaign=proofofplay&utm_content=day-30-tomorrow#upcoming-title,,day-30 tomorrow cold provisional
2026-10-30,19:00,X,en,today,30 Overload,"Overload — Load boxes onto the hook and lift them in batches. Nobody says what the cable holds, and trips are scarce.

https://play.hrytsko.com/overload/?utm_source=x&utm_medium=warm&utm_campaign=proofofplay&utm_content=day-30-today
#ProofOfPlay",https://play.hrytsko.com/overload/?utm_source=x&utm_medium=warm&utm_campaign=proofofplay&utm_content=day-30-today,clips/30.mp4,day-30 today warm provisional
2026-10-29,21:00,X,en,tomorrow,30 Overload,"The green zone always holds. Somewhere in the red it snaps. Nobody tells you where.

Tomorrow on the site.
https://play.hrytsko.com/?utm_source=x&utm_medium=warm&utm_campaign=proofofplay&utm_content=day-30-tomorrow#upcoming-title
#ProofOfPlay",https://play.hrytsko.com/?utm_source=x&utm_medium=warm&utm_campaign=proofofplay&utm_content=day-30-tomorrow#upcoming-title,,day-30 tomorrow warm provisional
2026-10-30,19:00,Bluesky,en,today,30 Overload,"Overload — Load boxes onto the hook and lift them in batches. Nobody says what the cable holds, and trips are scarce.

https://play.hrytsko.com/overload/?utm_source=bluesky&utm_medium=warm&utm_campaign=proofofplay&utm_content=day-30-today
#ProofOfPlay",https://play.hrytsko.com/overload/?utm_source=bluesky&utm_medium=warm&utm_campaign=proofofplay&utm_content=day-30-today,clips/30.mp4,day-30 today warm provisional
2026-10-29,21:00,Bluesky,en,tomorrow,30 Overload,"The green zone always holds. Somewhere in the red it snaps. Nobody tells you where.

Tomorrow on the site.
https://play.hrytsko.com/?utm_source=bluesky&utm_medium=warm&utm_campaign=proofofplay&utm_content=day-30-tomorrow#upcoming-title
#ProofOfPlay",https://play.hrytsko.com/?utm_source=bluesky&utm_medium=warm&utm_campaign=proofofplay&utm_content=day-30-tomorrow#upcoming-title,,day-30 tomorrow warm provisional
2026-10-30,19:00,Threads,en,today,30 Overload,"Overload — Load boxes onto the hook and lift them in batches. Nobody says what the cable holds, and trips are scarce.

https://play.hrytsko.com/overload/?utm_source=threads&utm_medium=warm&utm_campaign=proofofplay&utm_content=day-30-today
#ProofOfPlay",https://play.hrytsko.com/overload/?utm_source=threads&utm_medium=warm&utm_campaign=proofofplay&utm_content=day-30-today,clips/30.mp4,day-30 today warm provisional
2026-10-29,21:00,Threads,en,tomorrow,30 Overload,"The green zone always holds. Somewhere in the red it snaps. Nobody tells you where.

Tomorrow on the site.
https://play.hrytsko.com/?utm_source=threads&utm_medium=warm&utm_campaign=proofofplay&utm_content=day-30-tomorrow#upcoming-title
#ProofOfPlay",https://play.hrytsko.com/?utm_source=threads&utm_medium=warm&utm_campaign=proofofplay&utm_content=day-30-tomorrow#upcoming-title,,day-30 tomorrow warm provisional
2026-10-30,19:00,LinkedIn,en,today,30 Overload,"Overload — Load boxes onto the hook and lift them in batches. Nobody says what the cable holds, and trips are scarce.

https://play.hrytsko.com/overload/?utm_source=linkedin&utm_medium=warm&utm_campaign=proofofplay&utm_content=day-30-today
#ProofOfPlay",https://play.hrytsko.com/overload/?utm_source=linkedin&utm_medium=warm&utm_campaign=proofofplay&utm_content=day-30-today,clips/30.mp4,day-30 today warm provisional
2026-10-29,21:00,LinkedIn,en,tomorrow,30 Overload,"The green zone always holds. Somewhere in the red it snaps. Nobody tells you where.

Tomorrow on the site.
https://play.hrytsko.com/?utm_source=linkedin&utm_medium=warm&utm_campaign=proofofplay&utm_content=day-30-tomorrow#upcoming-title
#ProofOfPlay",https://play.hrytsko.com/?utm_source=linkedin&utm_medium=warm&utm_campaign=proofofplay&utm_content=day-30-tomorrow#upcoming-title,,day-30 tomorrow warm provisional
2026-10-30,19:00,Telegram,ru,today,30 Перегруз,"Перегруз — Вешай ящики на крюк и поднимай их партиями — трос выдерживает неизвестный вес, а поездок мало, поэтому грузить приходится вслепую и больше, чем безопасно.

https://play.hrytsko.com/overload/?utm_source=telegram&utm_medium=warm&utm_campaign=proofofplay&utm_content=day-30-today
#ProofOfPlay",https://play.hrytsko.com/overload/?utm_source=telegram&utm_medium=warm&utm_campaign=proofofplay&utm_content=day-30-today,clips/30.mp4,day-30 today warm provisional
2026-10-29,21:00,Telegram,ru,tomorrow,30 Перегруз,"Зелёная зона держит всегда. В красной трос рвётся — но где именно, тебе не скажут.

Завтра на сайте.
https://play.hrytsko.com/?utm_source=telegram&utm_medium=warm&utm_campaign=proofofplay&utm_content=day-30-tomorrow#upcoming-title
#ProofOfPlay",https://play.hrytsko.com/?utm_source=telegram&utm_medium=warm&utm_campaign=proofofplay&utm_content=day-30-tomorrow#upcoming-title,,day-30 tomorrow warm provisional
